[19:58:28] [main/INFO] (FabricLoader/GameProvider) Loading Minecraft 1.21.11 with Fabric Loader 0.18.4
[19:58:28] [main/INFO] (FabricLoader) Loading 52 mods:
	- fabric-api 0.141.3+1.21.11
	- fabric-api-base 1.0.5+4ebb5c083e
	- fabric-api-lookup-api-v1 1.6.114+20dc27073e
	- fabric-biome-api-v1 17.1.1+4fc5413f3e
	- fabric-block-api-v1 1.1.10+4ebb5c083e
	- fabric-block-view-api-v2 1.0.39+4ebb5c083e
	- fabric-client-gametest-api-v1 4.3.5+bfe9fcf43e
	- fabric-command-api-v2 2.4.7+6b42a6003e
	- fabric-content-registries-v0 10.2.14+4fc5413f3e
	- fabric-convention-tags-v1 2.1.55+7f945d5b3e
	- fabric-convention-tags-v2 2.17.3+8ef948ba3e
	- fabric-crash-report-info-v1 0.3.23+4ebb5c083e
	- fabric-data-attachment-api-v1 1.8.47+eed0806f3e
	- fabric-data-generation-api-v1 23.4.0+69974c4e3e
	- fabric-dimensions-v1 4.0.28+4fc5413f3e
	- fabric-entity-events-v1 3.1.1+1d0ab4303e
	- fabric-events-interaction-v0 4.1.0+3b89ecf63e
	- fabric-game-rule-api-v1 2.0.3+4fc5413f3e
	- fabric-gametest-api-v1 3.1.27+4fc5413f3e
	- fabric-item-api-v1 11.5.20+d0c46b9e3e
	- fabric-item-group-api-v1 4.2.36+4fc5413f3e
	- fabric-key-binding-api-v1 1.1.7+4fc5413f3e
	- fabric-lifecycle-events-v1 2.6.15+4ebb5c083e
	- fabric-loot-api-v2 3.0.73+3f89f5a53e
	- fabric-loot-api-v3 2.0.20+78c8b4663e
	- fabric-message-api-v1 6.1.12+4ebb5c083e
	- fabric-model-loading-api-v1 6.0.15+4fc5413f3e
	- fabric-networking-api-v1 5.1.5+ae1e07683e
	- fabric-object-builder-api-v1 21.1.39+4fc5413f3e
	- fabric-particles-v1 4.2.11+4fc5413f3e
	- fabric-recipe-api-v1 8.2.3+4ebb5c083e
	- fabric-registry-sync-v0 6.2.5+1718722b3e
	- fabric-renderer-api-v1 8.0.3+f4ffd2e53e
	- fabric-renderer-indigo 5.0.3+f4ffd2e53e
	- fabric-rendering-fluids-v1 3.1.43+4ebb5c083e
	- fabric-rendering-v1 16.2.10+0290ad933e
	- fabric-resource-conditions-api-v1 5.0.35+4fc5413f3e
	- fabric-resource-loader-v0 3.3.4+4fc5413f3e
	- fabric-resource-loader-v1 1.0.10+78c8b4663e
	- fabric-screen-api-v1 3.1.7+4ebb5c083e
	- fabric-screen-handler-api-v1 1.3.161+4fc5413f3e
	- fabric-serialization-api-v1 1.0.5+4ebb5c083e
	- fabric-sound-api-v1 1.0.51+4fc5413f3e
	- fabric-tag-api-v1 1.2.20+4fc5413f3e
	- fabric-transfer-api-v1 6.0.25+4fc5413f3e
	- fabric-transitive-access-wideners-v1 7.1.0+014c8cec3e
	- fabricloader 0.18.4
	- java 21
	- minecraft 1.21.11
	- mixinextras 0.5.0
	- movementum 1.0-alpha
	- player_animation_library 1.1.6+mc.1.21.11
[19:58:28] [main/INFO] (FabricLoader/Mixin) SpongePowered MIXIN Subsystem Version=0.8.7 Source=file:/C:/Users/mikal/.gradle/caches/modules-2/files-2.1/net.fabricmc/sponge-mixin/0.17.0+mixin.0.8.7/cf31463202f72d03b0ef1e1e38e8ee71b7faaab6/sponge-mixin-0.17.0+mixin.0.8.7.jar Service=Knot/Fabric Env=CLIENT
[19:58:28] [main/INFO] (FabricLoader/Mixin) Loaded Fabric development mappings for mixin remapper!
[19:58:28] [main/INFO] (FabricLoader/Mixin) Compatibility level set to JAVA_21
[19:58:29] [main/INFO] (FabricLoader/MixinExtras|Service) Initializing MixinExtras via com.llamalad7.mixinextras.service.MixinExtrasServiceImpl(version=0.5.0).
[19:58:29] [Datafixer Bootstrap/INFO] (Minecraft) 287 Datafixer optimizations took 236 milliseconds
[19:58:33] [Render thread/INFO] (Minecraft) Environment: Environment[sessionHost=https://sessionserver.mojang.com, servicesHost=https://api.minecraftservices.com, profilesHost=https://api.mojang.com, name=PROD]
[19:58:33] [Render thread/INFO] (Minecraft) Setting user: Player6
[19:58:33] [Render thread/INFO] (Indigo) [Indigo] Registering Indigo renderer!
[19:58:34] [Render thread/INFO] (Minecraft) [STDOUT]: [Movementum] Registering animation controller...
[19:58:34] [Render thread/INFO] (Minecraft) [STDOUT]: [Movementum] Animation controller registered successfully!
[19:58:34] [Download-2/ERROR] (Minecraft) Failed to fetch user properties
com.mojang.authlib.exceptions.InvalidCredentialsException: Status: 401
	at knot//com.mojang.authlib.exceptions.MinecraftClientHttpException.toAuthenticationException(MinecraftClientHttpException.java:59)
	at knot//com.mojang.authlib.yggdrasil.YggdrasilUserApiService.fetchProperties(YggdrasilUserApiService.java:150)
	at knot//net.minecraft.client.MinecraftClient.method_55608(MinecraftClient.java:457)
	at java.base/java.util.concurrent.CompletableFuture$AsyncSupply.run(CompletableFuture.java:1768)
	at java.base/java.util.concurrent.ThreadPoolExecutor.runWorker(ThreadPoolExecutor.java:1144)
	at java.base/java.util.concurrent.ThreadPoolExecutor$Worker.run(ThreadPoolExecutor.java:642)
	at java.base/java.lang.Thread.run(Thread.java:1583)
Caused by: com.mojang.authlib.exceptions.MinecraftClientHttpException: Status: 401
	at knot//com.mojang.authlib.minecraft.client.MinecraftClient.readInputStream(MinecraftClient.java:103)
	at knot//com.mojang.authlib.minecraft.client.MinecraftClient.get(MinecraftClient.java:56)
	at knot//com.mojang.authlib.yggdrasil.YggdrasilUserApiService.fetchProperties(YggdrasilUserApiService.java:121)
	... 5 more
[19:58:34] [Render thread/INFO] (Minecraft) Backend library: LWJGL version 3.3.3-snapshot
[19:58:34] [Render thread/INFO] (Minecraft) Using optional rendering extensions: GL_ARB_buffer_storage, GL_KHR_debug, GL_ARB_vertex_attrib_binding, GL_ARB_direct_state_access, GL_EXT_texture_filter_anisotropic
[19:58:35] [Render thread/INFO] (Minecraft) Reloading ResourceManager: vanilla, fabric-api, fabric-api-base, fabric-api-lookup-api-v1, fabric-biome-api-v1, fabric-block-api-v1, fabric-block-view-api-v2, fabric-client-gametest-api-v1, fabric-command-api-v2, fabric-content-registries-v0, fabric-convention-tags-v1, fabric-convention-tags-v2, fabric-crash-report-info-v1, fabric-data-attachment-api-v1, fabric-data-generation-api-v1, fabric-dimensions-v1, fabric-entity-events-v1, fabric-events-interaction-v0, fabric-game-rule-api-v1, fabric-gametest-api-v1, fabric-item-api-v1, fabric-item-group-api-v1, fabric-key-binding-api-v1, fabric-lifecycle-events-v1, fabric-loot-api-v2, fabric-loot-api-v3, fabric-message-api-v1, fabric-model-loading-api-v1, fabric-networking-api-v1, fabric-object-builder-api-v1, fabric-particles-v1, fabric-recipe-api-v1, fabric-registry-sync-v0, fabric-renderer-api-v1, fabric-renderer-indigo, fabric-rendering-fluids-v1, fabric-rendering-v1, fabric-resource-conditions-api-v1, fabric-resource-loader-v0, fabric-resource-loader-v1, fabric-screen-api-v1, fabric-screen-handler-api-v1, fabric-serialization-api-v1, fabric-sound-api-v1, fabric-tag-api-v1, fabric-transfer-api-v1, fabric-transitive-access-wideners-v1, fabricloader, movementum
[19:58:35] [Download-2/INFO] (Minecraft) Could not authorize you against Realms server: java.lang.RuntimeException: Failed to parse into SignedJWT: FabricMC
[19:58:35] [Download-2/ERROR] (Minecraft) Failed to fetch Realms feature flags
net.minecraft.client.realms.exception.RealmsServiceException: Realms authentication error with message 'java.lang.RuntimeException: Failed to parse into SignedJWT: FabricMC'
	at knot//net.minecraft.client.realms.RealmsClient.execute(RealmsClient.java:526)
	at knot//net.minecraft.client.realms.RealmsClient.fetchFeatureFlags(RealmsClient.java:186)
	at java.base/java.util.concurrent.CompletableFuture$AsyncSupply.run(CompletableFuture.java:1768)
	at java.base/java.util.concurrent.ThreadPoolExecutor.runWorker(ThreadPoolExecutor.java:1144)
	at java.base/java.util.concurrent.ThreadPoolExecutor$Worker.run(ThreadPoolExecutor.java:642)
	at java.base/java.lang.Thread.run(Thread.java:1583)
[19:58:35] [Worker-Main-3/INFO] (Minecraft) Found unifont_all_no_pua-17.0.01.hex, loading
[19:58:35] [Worker-Main-7/INFO] (Minecraft) Found unifont_pua-17.0.01.hex, loading
[19:58:35] [Worker-Main-11/ERROR] (player_animation_library) Player Animation Library failed to load animation movementum:player_animations/sliding.json because:
com.google.gson.JsonParseException: not an emotecraft animation
	at knot//com.zigythebird.playeranimcore.loading.PlayerAnimatorLoader.deserialize(PlayerAnimatorLoader.java:42)
	at knot//com.zigythebird.playeranimcore.loading.PlayerAnimatorLoader.deserialize(PlayerAnimatorLoader.java:26)
	at knot//com.google.gson.internal.bind.TreeTypeAdapter.read(TreeTypeAdapter.java:95)
	at knot//com.google.gson.Gson.fromJson(Gson.java:1358)
	at knot//com.google.gson.Gson.fromJson(Gson.java:1471)
	at knot//com.google.gson.Gson.fromJson(Gson.java:1415)
	at knot//com.zigythebird.playeranimcore.loading.UniversalAnimLoader.loadAnimations(UniversalAnimLoader.java:56)
	at knot//com.zigythebird.playeranimcore.loading.UniversalAnimLoader.loadAnimations(UniversalAnimLoader.java:35)
	at knot//com.zigythebird.playeranim.animation.PlayerAnimResources.reload(PlayerAnimResources.java:89)
	at knot//com.zigythebird.playeranim.animation.PlayerAnimResources.lambda$reload$1(PlayerAnimResources.java:101)
	at java.base/java.util.concurrent.CompletableFuture$AsyncRun.run(CompletableFuture.java:1804)
	at knot//net.minecraft.resource.SimpleResourceReload.method_67576(SimpleResourceReload.java:51)
	at java.base/java.util.concurrent.ForkJoinTask$RunnableExecuteAction.exec(ForkJoinTask.java:1423)
	at java.base/java.util.concurrent.ForkJoinTask.doExec(ForkJoinTask.java:387)
	at java.base/java.util.concurrent.ForkJoinPool$WorkQueue.topLevelExec(ForkJoinPool.java:1312)
	at java.base/java.util.concurrent.ForkJoinPool.scan(ForkJoinPool.java:1843)
	at java.base/java.util.concurrent.ForkJoinPool.runWorker(ForkJoinPool.java:1808)
	at java.base/java.util.concurrent.ForkJoinWorkerThread.run(ForkJoinWorkerThread.java:188)
[19:58:35] [Worker-Main-11/INFO] (Minecraft) Found unifont_jp_patch-17.0.01.hex, loading
[19:58:36] [Render thread/INFO] (Minecraft) OpenAL initialized on device OpenAL Soft on Speakers (HyperX Quadcast)
[19:58:36] [Render thread/INFO] (Minecraft) Sound engine started
[19:58:36] [Render thread/INFO] (Minecraft) Created: 512x256x0 minecraft:textures/atlas/particles.png-atlas
[19:58:36] [Render thread/INFO] (Minecraft) Created: 128x128x0 minecraft:textures/atlas/decorated_pot.png-atlas
[19:58:36] [Render thread/INFO] (Minecraft) Created: 2048x1024x0 minecraft:textures/atlas/armor_trims.png-atlas
[19:58:36] [Render thread/INFO] (Minecraft) Created: 512x256x0 minecraft:textures/atlas/paintings.png-atlas
[19:58:36] [Render thread/INFO] (Minecraft) Created: 1024x512x0 minecraft:textures/atlas/shield_patterns.png-atlas
[19:58:36] [Render thread/INFO] (Minecraft) Created: 2048x2048x4 minecraft:textures/atlas/blocks.png-atlas
[19:58:36] [Render thread/INFO] (Minecraft) Created: 512x512x0 minecraft:textures/atlas/chest.png-atlas
[19:58:36] [Render thread/INFO] (Minecraft) Created: 256x128x0 minecraft:textures/atlas/celestials.png-atlas
[19:58:36] [Render thread/INFO] (Minecraft) Created: 1024x512x0 minecraft:textures/atlas/banner_patterns.png-atlas
[19:58:36] [Render thread/INFO] (Minecraft) Created: 512x512x0 minecraft:textures/atlas/beds.png-atlas
[19:58:36] [Render thread/INFO] (Minecraft) Created: 1024x512x0 minecraft:textures/atlas/items.png-atlas
[19:58:36] [Render thread/INFO] (Minecraft) Created: 1024x1024x0 minecraft:textures/atlas/gui.png-atlas
[19:58:36] [Render thread/INFO] (Minecraft) Created: 128x64x0 minecraft:textures/atlas/map_decorations.png-atlas
[19:58:36] [Render thread/INFO] (Minecraft) Created: 512x256x0 minecraft:textures/atlas/signs.png-atlas
[19:58:36] [Render thread/INFO] (Minecraft) Created: 512x512x0 minecraft:textures/atlas/shulker_boxes.png-atlas
[19:58:36] [IO-Worker-1/INFO] (Minecraft) Could not authorize you against Realms server: java.lang.RuntimeException: Failed to parse into SignedJWT: FabricMC
[19:58:36] [IO-Worker-1/ERROR] (Minecraft) Couldn't connect to realms
net.minecraft.client.realms.exception.RealmsServiceException: Realms authentication error with message 'java.lang.RuntimeException: Failed to parse into SignedJWT: FabricMC'
	at knot//net.minecraft.client.realms.RealmsClient.execute(RealmsClient.java:526)
	at knot//net.minecraft.client.realms.RealmsClient.clientCompatible(RealmsClient.java:307)
	at knot//net.minecraft.client.realms.RealmsAvailability.method_52627(RealmsAvailability.java:48)
	at java.base/java.util.concurrent.CompletableFuture$AsyncSupply.run(CompletableFuture.java:1768)
	at java.base/java.util.concurrent.ThreadPoolExecutor.runWorker(ThreadPoolExecutor.java:1144)
	at java.base/java.util.concurrent.ThreadPoolExecutor$Worker.run(ThreadPoolExecutor.java:642)
	at java.base/java.lang.Thread.run(Thread.java:1583)
[19:58:42] [Render thread/INFO] (Minecraft) Loaded 1470 recipes
[19:58:42] [Render thread/INFO] (Minecraft) Loaded 1584 advancements
[19:58:42] [Render thread/INFO] (BiomeModificationImpl) Applied 0 biome modifications to 0 of 65 new biomes in 717.7 μs
[19:58:42] [Server thread/INFO] (Minecraft) Starting integrated minecraft server version 1.21.11
[19:58:42] [Server thread/INFO] (Minecraft) Generating keypair
[19:58:42] [Server thread/INFO] (Minecraft) Loading 0 persistent chunks...
[19:58:42] [Server thread/INFO] (Minecraft) Preparing spawn area: 16%
[19:58:43] [Server thread/INFO] (Minecraft) Loading 49 chunks for player spawn...
[19:58:43] [Server thread/INFO] (Minecraft) Preparing spawn area: 59%
[19:58:43] [Server thread/INFO] (Minecraft) Time elapsed: 563 ms
[19:58:43] [Server thread/INFO] (Minecraft) Player6[local:E:30483e5d] logged in with entity id 8 at (-929.2584458108114, -60.0, 12090.24825045545)
[19:58:43] [Server thread/INFO] (Minecraft) Player6 joined the game
[19:58:43] [Server thread/INFO] (Minecraft) Player6 has made the advancement [Stone Age]
[19:58:43] [Server thread/INFO] (Minecraft) Changing view distance to 16, from 10
[19:58:43] [Server thread/INFO] (Minecraft) Changing simulation distance to 12, from 0
[19:58:43] [Render thread/INFO] (Minecraft) [System] [CHAT] Player6 has made the advancement [Stone Age]
[19:58:43] [Render thread/INFO] (Minecraft) Loaded 31 advancements
[19:58:43] [Render thread/INFO] (Minecraft) Resizing Dynamic Transforms UBO, capacity limit of 2 reached during a single frame. New capacity will be 4.
[19:58:43] [Render thread/INFO] (Minecraft) Resizing Dynamic Transforms UBO, capacity limit of 4 reached during a single frame. New capacity will be 8.
[19:58:43] [Render thread/INFO] (Minecraft) Resizing Chunk Sections UBO, capacity limit of 2 reached during a single frame. New capacity will be 8.
[19:58:43] [Render thread/INFO] (Minecraft) Resizing Chunk Sections UBO, capacity limit of 8 reached during a single frame. New capacity will be 16.
[19:58:43] [Render thread/INFO] (Minecraft) Resizing Chunk Sections UBO, capacity limit of 16 reached during a single frame. New capacity will be 32.
[19:58:44] [Render thread/INFO] (Minecraft) Resizing Chunk Sections UBO, capacity limit of 32 reached during a single frame. New capacity will be 64.
[19:58:44] [Render thread/INFO] (Minecraft) Resizing Chunk Sections UBO, capacity limit of 64 reached during a single frame. New capacity will be 128.
[19:58:44] [Render thread/ERROR] (player_animation_library) Could not find animation with the name:movementum:sliding
[19:58:44] [Render thread/ERROR] (player_animation_library) Could not find animation with the name:movementum:sliding
[19:58:44] [Render thread/ERROR] (player_animation_library) Could not find animation with the name:movementum:sliding
[19:58:44] [Render thread/INFO] (Minecraft) Resizing Chunk Sections UBO, capacity limit of 128 reached during a single frame. New capacity will be 256.
[19:58:44] [Render thread/ERROR] (player_animation_library) Could not find animation with the name:movementum:sliding
[19:58:44] [Render thread/ERROR] (player_animation_library) Could not find animation with the name:movementum:sliding
[19:58:44] [Render thread/ERROR] (player_animation_library) Could not find animation with the name:movementum:sliding
[19:58:44] [Render thread/ERROR] (player_animation_library) Could not find animation with the name:movementum:sliding
[19:58:44] [Render thread/ERROR] (player_animation_library) Could not find animation with the name:movementum:sliding
[19:58:44] [Render thread/ERROR] (player_animation_library) Could not find animation with the name:movementum:sliding
[19:58:44] [Render thread/ERROR] (player_animation_library) Could not find animation with the name:movementum:sliding
[19:58:44] [Render thread/ERROR] (player_animation_library) Could not find animation with the name:movementum:sliding
[19:58:44] [Render thread/ERROR] (player_animation_library) Could not find animation with the name:movementum:sliding
[19:58:44] [Render thread/ERROR] (player_animation_library) Could not find animation with the name:movementum:sliding
[19:58:44] [Render thread/INFO] (Minecraft) Resizing Chunk Sections UBO, capacity limit of 256 reached during a single frame. New capacity will be 512.
[19:58:45] [Render thread/ERROR] (player_animation_library) Could not find animation with the name:movementum:sliding
[19:58:45] [Render thread/ERROR] (player_animation_library) Could not find animation with the name:movementum:sliding
[19:58:45] [Render thread/ERROR] (player_animation_library) Could not find animation with the name:movementum:sliding
[19:58:45] [Render thread/ERROR] (player_animation_library) Could not find animation with the name:movementum:sliding
[19:58:45] [Render thread/ERROR] (player_animation_library) Could not find animation with the name:movementum:sliding
[19:58:45] [Render thread/ERROR] (player_animation_library) Could not find animation with the name:movementum:sliding
[19:58:45] [Render thread/ERROR] (player_animation_library) Could not find animation with the name:movementum:sliding
[19:58:45] [Render thread/ERROR] (player_animation_library) Could not find animation with the name:movementum:sliding
[19:58:45] [Render thread/ERROR] (player_animation_library) Could not find animation with the name:movementum:sliding
[19:58:45] [Render thread/ERROR] (player_animation_library) Could not find animation with the name:movementum:sliding
[19:58:45] [Render thread/ERROR] (player_animation_library) Could not find animation with the name:movementum:sliding
[19:58:45] [Render thread/ERROR] (player_animation_library) Could not find animation with the name:movementum:sliding
[19:58:45] [Render thread/ERROR] (player_animation_library) Could not find animation with the name:movementum:sliding
[19:58:45] [Render thread/ERROR] (player_animation_library) Could not find animation with the name:movementum:sliding
[19:58:45] [Render thread/ERROR] (player_animation_library) Could not find animation with the name:movementum:sliding
[19:58:45] [Render thread/ERROR] (player_animation_library) Could not find animation with the name:movementum:sliding
[19:58:45] [Render thread/ERROR] (player_animation_library) Could not find animation with the name:movementum:sliding
[19:58:45] [Render thread/ERROR] (player_animation_library) Could not find animation with the name:movementum:sliding
[19:58:45] [Render thread/ERROR] (player_animation_library) Could not find animation with the name:movementum:sliding
[19:58:45] [Render thread/ERROR] (player_animation_library) Could not find animation with the name:movementum:sliding
[19:58:46] [Render thread/ERROR] (player_animation_library) Could not find animation with the name:movementum:sliding
[19:58:46] [Render thread/ERROR] (player_animation_library) Could not find animation with the name:movementum:sliding
[19:58:46] [Render thread/ERROR] (player_animation_library) Could not find animation with the name:movementum:sliding
[19:58:46] [Render thread/ERROR] (player_animation_library) Could not find animation with the name:movementum:sliding
[19:58:46] [Render thread/ERROR] (player_animation_library) Could not find animation with the name:movementum:sliding
[19:58:46] [Render thread/ERROR] (player_animation_library) Could not find animation with the name:movementum:sliding
[19:58:46] [Render thread/ERROR] (player_animation_library) Could not find animation with the name:movementum:sliding
[19:58:46] [Render thread/ERROR] (player_animation_library) Could not find animation with the name:movementum:sliding
[19:58:46] [Render thread/ERROR] (player_animation_library) Could not find animation with the name:movementum:sliding
[19:58:46] [Render thread/ERROR] (player_animation_library) Could not find animation with the name:movementum:sliding
[19:58:46] [Render thread/ERROR] (player_animation_library) Could not find animation with the name:movementum:sliding
[19:58:46] [Render thread/ERROR] (player_animation_library) Could not find animation with the name:movementum:sliding
[19:58:46] [Render thread/ERROR] (player_animation_library) Could not find animation with the name:movementum:sliding
[19:58:46] [Render thread/ERROR] (player_animation_library) Could not find animation with the name:movementum:sliding
[19:58:46] [Render thread/ERROR] (player_animation_library) Could not find animation with the name:movementum:sliding
[19:58:46] [Render thread/ERROR] (player_animation_library) Could not find animation with the name:movementum:sliding
[19:58:46] [Render thread/ERROR] (player_animation_library) Could not find animation with the name:movementum:sliding
[19:58:46] [Render thread/ERROR] (player_animation_library) Could not find animation with the name:movementum:sliding
[19:58:46] [Render thread/ERROR] (player_animation_library) Could not find animation with the name:movementum:sliding
[19:58:46] [Render thread/ERROR] (player_animation_library) Could not find animation with the name:movementum:sliding
[19:58:47] [Render thread/ERROR] (player_animation_library) Could not find animation with the name:movementum:sliding
[19:58:47] [Render thread/ERROR] (player_animation_library) Could not find animation with the name:movementum:sliding
[19:58:47] [Render thread/ERROR] (player_animation_library) Could not find animation with the name:movementum:sliding
[19:58:47] [Render thread/ERROR] (player_animation_library) Could not find animation with the name:movementum:sliding
[19:58:47] [Render thread/ERROR] (player_animation_library) Could not find animation with the name:movementum:sliding
[19:58:47] [Render thread/ERROR] (player_animation_library) Could not find animation with the name:movementum:sliding
[19:58:47] [Render thread/ERROR] (player_animation_library) Could not find animation with the name:movementum:sliding
[19:58:47] [Render thread/ERROR] (player_animation_library) Could not find animation with the name:movementum:sliding
[19:58:47] [Render thread/ERROR] (player_animation_library) Could not find animation with the name:movementum:sliding
[19:58:47] [Render thread/ERROR] (player_animation_library) Could not find animation with the name:movementum:sliding
[19:58:47] [Render thread/ERROR] (player_animation_library) Could not find animation with the name:movementum:sliding
[19:58:47] [Render thread/ERROR] (player_animation_library) Could not find animation with the name:movementum:sliding
[19:58:47] [Render thread/ERROR] (player_animation_library) Could not find animation with the name:movementum:sliding
[19:58:47] [Render thread/ERROR] (player_animation_library) Could not find animation with the name:movementum:sliding
[19:58:47] [Render thread/ERROR] (player_animation_library) Could not find animation with the name:movementum:sliding
[19:58:47] [Render thread/ERROR] (player_animation_library) Could not find animation with the name:movementum:sliding
[19:58:47] [Render thread/ERROR] (player_animation_library) Could not find animation with the name:movementum:sliding
[19:58:47] [Render thread/ERROR] (player_animation_library) Could not find animation with the name:movementum:sliding
[19:58:47] [Render thread/ERROR] (player_animation_library) Could not find animation with the name:movementum:sliding
[19:58:47] [Render thread/ERROR] (player_animation_library) Could not find animation with the name:movementum:sliding
[19:58:48] [Render thread/ERROR] (player_animation_library) Could not find animation with the name:movementum:sliding
[19:58:48] [Render thread/ERROR] (player_animation_library) Could not find animation with the name:movementum:sliding
[19:58:48] [Render thread/ERROR] (player_animation_library) Could not find animation with the name:movementum:sliding
[19:58:48] [Render thread/ERROR] (player_animation_library) Could not find animation with the name:movementum:sliding
[19:58:48] [Render thread/ERROR] (player_animation_library) Could not find animation with the name:movementum:sliding
[19:58:48] [Render thread/ERROR] (player_animation_library) Could not find animation with the name:movementum:sliding
[19:58:48] [Render thread/ERROR] (player_animation_library) Could not find animation with the name:movementum:sliding
[19:58:48] [Render thread/ERROR] (player_animation_library) Could not find animation with the name:movementum:sliding
[19:58:48] [Render thread/ERROR] (player_animation_library) Could not find animation with the name:movementum:sliding
[19:58:48] [Render thread/ERROR] (player_animation_library) Could not find animation with the name:movementum:sliding
[19:58:48] [Render thread/ERROR] (player_animation_library) Could not find animation with the name:movementum:sliding
[19:58:48] [Render thread/ERROR] (player_animation_library) Could not find animation with the name:movementum:sliding
[19:58:48] [Render thread/ERROR] (player_animation_library) Could not find animation with the name:movementum:sliding
[19:58:48] [Render thread/ERROR] (player_animation_library) Could not find animation with the name:movementum:sliding
[19:58:48] [Render thread/ERROR] (player_animation_library) Could not find animation with the name:movementum:sliding
[19:58:48] [Render thread/ERROR] (player_animation_library) Could not find animation with the name:movementum:sliding
[19:58:48] [Render thread/ERROR] (player_animation_library) Could not find animation with the name:movementum:sliding
[19:58:48] [Render thread/ERROR] (player_animation_library) Could not find animation with the name:movementum:sliding
[19:58:48] [Render thread/ERROR] (player_animation_library) Could not find animation with the name:movementum:sliding
[19:58:48] [Render thread/ERROR] (player_animation_library) Could not find animation with the name:movementum:sliding
[19:58:49] [Render thread/ERROR] (player_animation_library) Could not find animation with the name:movementum:sliding
[19:58:49] [Render thread/ERROR] (player_animation_library) Could not find animation with the name:movementum:sliding
[19:58:49] [Render thread/ERROR] (player_animation_library) Could not find animation with the name:movementum:sliding
[19:58:49] [Render thread/ERROR] (player_animation_library) Could not find animation with the name:movementum:sliding
[19:58:49] [Render thread/ERROR] (player_animation_library) Could not find animation with the name:movementum:sliding
[19:58:49] [Render thread/ERROR] (player_animation_library) Could not find animation with the name:movementum:sliding
[19:58:49] [Render thread/ERROR] (player_animation_library) Could not find animation with the name:movementum:sliding
[19:58:49] [Render thread/ERROR] (player_animation_library) Could not find animation with the name:movementum:sliding
[19:58:49] [Render thread/ERROR] (player_animation_library) Could not find animation with the name:movementum:sliding
[19:58:49] [Render thread/ERROR] (player_animation_library) Could not find animation with the name:movementum:sliding
[19:58:49] [Render thread/ERROR] (player_animation_library) Could not find animation with the name:movementum:sliding
[19:58:49] [Render thread/ERROR] (player_animation_library) Could not find animation with the name:movementum:sliding
[19:58:49] [Render thread/ERROR] (player_animation_library) Could not find animation with the name:movementum:sliding
[19:58:49] [Render thread/ERROR] (player_animation_library) Could not find animation with the name:movementum:sliding
[19:58:49] [Render thread/ERROR] (player_animation_library) Could not find animation with the name:movementum:sliding
[19:58:49] [Render thread/ERROR] (player_animation_library) Could not find animation with the name:movementum:sliding
[19:58:49] [Render thread/ERROR] (player_animation_library) Could not find animation with the name:movementum:sliding
[19:58:49] [Render thread/ERROR] (player_animation_library) Could not find animation with the name:movementum:sliding
[19:58:49] [Render thread/ERROR] (player_animation_library) Could not find animation with the name:movementum:sliding
[19:58:49] [Render thread/ERROR] (player_animation_library) Could not find animation with the name:movementum:sliding
[19:58:50] [Render thread/ERROR] (player_animation_library) Could not find animation with the name:movementum:sliding
[19:58:50] [Render thread/ERROR] (player_animation_library) Could not find animation with the name:movementum:sliding
[19:58:50] [Render thread/ERROR] (player_animation_library) Could not find animation with the name:movementum:sliding
[19:58:50] [Render thread/ERROR] (player_animation_library) Could not find animation with the name:movementum:sliding
[19:58:50] [Render thread/ERROR] (player_animation_library) Could not find animation with the name:movementum:sliding
[19:58:50] [Render thread/ERROR] (player_animation_library) Could not find animation with the name:movementum:sliding
[19:58:50] [Render thread/ERROR] (player_animation_library) Could not find animation with the name:movementum:sliding
[19:58:50] [Render thread/ERROR] (player_animation_library) Could not find animation with the name:movementum:sliding
[19:58:50] [Render thread/ERROR] (player_animation_library) Could not find animation with the name:movementum:sliding
[19:58:50] [Render thread/ERROR] (player_animation_library) Could not find animation with the name:movementum:sliding
[19:58:50] [Render thread/ERROR] (player_animation_library) Could not find animation with the name:movementum:sliding
[19:58:50] [Render thread/ERROR] (player_animation_library) Could not find animation with the name:movementum:sliding
[19:58:50] [Render thread/ERROR] (player_animation_library) Could not find animation with the name:movementum:sliding
[19:58:50] [Render thread/ERROR] (player_animation_library) Could not find animation with the name:movementum:sliding
[19:58:50] [Render thread/ERROR] (player_animation_library) Could not find animation with the name:movementum:sliding
[19:58:50] [Render thread/ERROR] (player_animation_library) Could not find animation with the name:movementum:sliding
[19:58:50] [Render thread/ERROR] (player_animation_library) Could not find animation with the name:movementum:sliding
[19:58:50] [Render thread/ERROR] (player_animation_library) Could not find animation with the name:movementum:sliding
[19:58:50] [Render thread/ERROR] (player_animation_library) Could not find animation with the name:movementum:sliding
[19:58:50] [Render thread/ERROR] (player_animation_library) Could not find animation with the name:movementum:sliding
[19:58:51] [Render thread/ERROR] (player_animation_library) Could not find animation with the name:movementum:sliding
[19:58:51] [Render thread/ERROR] (player_animation_library) Could not find animation with the name:movementum:sliding
[19:58:51] [Render thread/ERROR] (player_animation_library) Could not find animation with the name:movementum:sliding
[19:58:51] [Render thread/ERROR] (player_animation_library) Could not find animation with the name:movementum:sliding
[19:58:51] [Render thread/ERROR] (player_animation_library) Could not find animation with the name:movementum:sliding
[19:58:51] [Render thread/ERROR] (player_animation_library) Could not find animation with the name:movementum:sliding
[19:58:51] [Render thread/ERROR] (player_animation_library) Could not find animation with the name:movementum:sliding
[19:58:51] [Render thread/ERROR] (player_animation_library) Could not find animation with the name:movementum:sliding
[19:58:51] [Render thread/ERROR] (player_animation_library) Could not find animation with the name:movementum:sliding
[19:58:51] [Render thread/ERROR] (player_animation_library) Could not find animation with the name:movementum:sliding
[19:58:51] [Render thread/ERROR] (player_animation_library) Could not find animation with the name:movementum:sliding
[19:58:51] [Render thread/ERROR] (player_animation_library) Could not find animation with the name:movementum:sliding
[19:58:51] [Render thread/ERROR] (player_animation_library) Could not find animation with the name:movementum:sliding
[19:58:51] [Render thread/ERROR] (player_animation_library) Could not find animation with the name:movementum:sliding
[19:58:51] [Render thread/ERROR] (player_animation_library) Could not find animation with the name:movementum:sliding
[19:58:51] [Render thread/ERROR] (player_animation_library) Could not find animation with the name:movementum:sliding
[19:58:51] [Render thread/ERROR] (player_animation_library) Could not find animation with the name:movementum:sliding
[19:58:51] [Render thread/ERROR] (player_animation_library) Could not find animation with the name:movementum:sliding
[19:58:51] [Render thread/ERROR] (player_animation_library) Could not find animation with the name:movementum:sliding
[19:58:51] [Render thread/ERROR] (player_animation_library) Could not find animation with the name:movementum:sliding
[19:58:52] [Render thread/ERROR] (player_animation_library) Could not find animation with the name:movementum:sliding
[19:58:52] [Render thread/ERROR] (player_animation_library) Could not find animation with the name:movementum:sliding
[19:58:52] [Render thread/ERROR] (player_animation_library) Could not find animation with the name:movementum:sliding
[19:58:52] [Render thread/ERROR] (player_animation_library) Could not find animation with the name:movementum:sliding
[19:58:52] [Render thread/ERROR] (player_animation_library) Could not find animation with the name:movementum:sliding
[19:58:52] [Render thread/ERROR] (player_animation_library) Could not find animation with the name:movementum:sliding
[19:58:52] [Render thread/ERROR] (player_animation_library) Could not find animation with the name:movementum:sliding
[19:58:52] [Render thread/ERROR] (player_animation_library) Could not find animation with the name:movementum:sliding
[19:58:52] [Render thread/ERROR] (player_animation_library) Could not find animation with the name:movementum:sliding
[19:58:52] [Render thread/ERROR] (player_animation_library) Could not find animation with the name:movementum:sliding
[19:58:52] [Render thread/ERROR] (player_animation_library) Could not find animation with the name:movementum:sliding
[19:58:52] [Render thread/ERROR] (player_animation_library) Could not find animation with the name:movementum:sliding
[19:58:52] [Render thread/ERROR] (player_animation_library) Could not find animation with the name:movementum:sliding
[19:58:52] [Render thread/ERROR] (player_animation_library) Could not find animation with the name:movementum:sliding
[19:58:52] [Render thread/ERROR] (player_animation_library) Could not find animation with the name:movementum:sliding
[19:58:52] [Render thread/ERROR] (player_animation_library) Could not find animation with the name:movementum:sliding
[19:58:52] [Render thread/ERROR] (player_animation_library) Could not find animation with the name:movementum:sliding
[19:58:52] [Render thread/ERROR] (player_animation_library) Could not find animation with the name:movementum:sliding
[19:58:52] [Render thread/ERROR] (player_animation_library) Could not find animation with the name:movementum:sliding
[19:58:52] [Render thread/ERROR] (player_animation_library) Could not find animation with the name:movementum:sliding
[19:58:53] [Render thread/ERROR] (player_animation_library) Could not find animation with the name:movementum:sliding
[19:58:53] [Render thread/ERROR] (player_animation_library) Could not find animation with the name:movementum:sliding
[19:58:53] [Render thread/ERROR] (player_animation_library) Could not find animation with the name:movementum:sliding
[19:58:53] [Render thread/ERROR] (player_animation_library) Could not find animation with the name:movementum:sliding
[19:58:53] [Render thread/ERROR] (player_animation_library) Could not find animation with the name:movementum:sliding
[19:58:53] [Render thread/ERROR] (player_animation_library) Could not find animation with the name:movementum:sliding
[19:58:53] [Render thread/ERROR] (player_animation_library) Could not find animation with the name:movementum:sliding
[19:58:53] [Render thread/ERROR] (player_animation_library) Could not find animation with the name:movementum:sliding
[19:58:53] [Render thread/ERROR] (player_animation_library) Could not find animation with the name:movementum:sliding
[19:58:53] [Render thread/ERROR] (player_animation_library) Could not find animation with the name:movementum:sliding
[19:58:53] [Render thread/ERROR] (player_animation_library) Could not find animation with the name:movementum:sliding
[19:58:53] [Render thread/ERROR] (player_animation_library) Could not find animation with the name:movementum:sliding
[19:58:53] [Render thread/ERROR] (player_animation_library) Could not find animation with the name:movementum:sliding
[19:58:53] [Render thread/ERROR] (player_animation_library) Could not find animation with the name:movementum:sliding
[19:58:53] [Render thread/ERROR] (player_animation_library) Could not find animation with the name:movementum:sliding
[19:58:53] [Render thread/ERROR] (player_animation_library) Could not find animation with the name:movementum:sliding
[19:58:53] [Render thread/ERROR] (player_animation_library) Could not find animation with the name:movementum:sliding
[19:58:53] [Render thread/ERROR] (player_animation_library) Could not find animation with the name:movementum:sliding
[19:58:53] [Render thread/ERROR] (player_animation_library) Could not find animation with the name:movementum:sliding
[19:58:53] [Render thread/ERROR] (player_animation_library) Could not find animation with the name:movementum:sliding
[19:58:54] [Render thread/ERROR] (player_animation_library) Could not find animation with the name:movementum:sliding
[19:58:54] [Render thread/ERROR] (player_animation_library) Could not find animation with the name:movementum:sliding
[19:58:54] [Render thread/ERROR] (player_animation_library) Could not find animation with the name:movementum:sliding
[19:58:54] [Render thread/ERROR] (player_animation_library) Could not find animation with the name:movementum:sliding
[19:58:54] [Render thread/ERROR] (player_animation_library) Could not find animation with the name:movementum:sliding
[19:58:54] [Render thread/ERROR] (player_animation_library) Could not find animation with the name:movementum:sliding
[19:58:54] [Render thread/ERROR] (player_animation_library) Could not find animation with the name:movementum:sliding
[19:58:54] [Render thread/ERROR] (player_animation_library) Could not find animation with the name:movementum:sliding
[19:58:54] [Render thread/ERROR] (player_animation_library) Could not find animation with the name:movementum:sliding
[19:58:54] [Render thread/ERROR] (player_animation_library) Could not find animation with the name:movementum:sliding
[19:58:54] [Render thread/ERROR] (player_animation_library) Could not find animation with the name:movementum:sliding
[19:58:54] [Render thread/ERROR] (player_animation_library) Could not find animation with the name:movementum:sliding
[19:58:54] [Render thread/ERROR] (player_animation_library) Could not find animation with the name:movementum:sliding
[19:58:54] [Render thread/ERROR] (player_animation_library) Could not find animation with the name:movementum:sliding
[19:58:54] [Render thread/ERROR] (player_animation_library) Could not find animation with the name:movementum:sliding
[19:58:54] [Render thread/ERROR] (player_animation_library) Could not find animation with the name:movementum:sliding
[19:58:54] [Render thread/ERROR] (player_animation_library) Could not find animation with the name:movementum:sliding
[19:58:54] [Render thread/ERROR] (player_animation_library) Could not find animation with the name:movementum:sliding
[19:58:54] [Render thread/ERROR] (player_animation_library) Could not find animation with the name:movementum:sliding
[19:58:54] [Render thread/ERROR] (player_animation_library) Could not find animation with the name:movementum:sliding
[19:58:55] [Render thread/ERROR] (player_animation_library) Could not find animation with the name:movementum:sliding
[19:58:55] [Render thread/ERROR] (player_animation_library) Could not find animation with the name:movementum:sliding
[19:58:55] [Render thread/ERROR] (player_animation_library) Could not find animation with the name:movementum:sliding
[19:58:55] [Render thread/ERROR] (player_animation_library) Could not find animation with the name:movementum:sliding
[19:58:55] [Render thread/ERROR] (player_animation_library) Could not find animation with the name:movementum:sliding
[19:58:55] [Render thread/ERROR] (player_animation_library) Could not find animation with the name:movementum:sliding
[19:58:55] [Render thread/ERROR] (player_animation_library) Could not find animation with the name:movementum:sliding
[19:58:55] [Render thread/ERROR] (player_animation_library) Could not find animation with the name:movementum:sliding
[19:58:55] [Render thread/ERROR] (player_animation_library) Could not find animation with the name:movementum:sliding
[19:58:55] [Render thread/ERROR] (player_animation_library) Could not find animation with the name:movementum:sliding
[19:58:56] [Render thread/ERROR] (player_animation_library) Could not find animation with the name:movementum:sliding
[19:58:56] [Render thread/ERROR] (player_animation_library) Could not find animation with the name:movementum:sliding
[19:58:56] [Render thread/ERROR] (player_animation_library) Could not find animation with the name:movementum:sliding
[19:58:56] [Render thread/ERROR] (player_animation_library) Could not find animation with the name:movementum:sliding
[19:58:56] [Render thread/ERROR] (player_animation_library) Could not find animation with the name:movementum:sliding
[19:58:56] [Render thread/ERROR] (player_animation_library) Could not find animation with the name:movementum:sliding
[19:58:56] [Render thread/ERROR] (player_animation_library) Could not find animation with the name:movementum:sliding
[19:58:57] [Render thread/ERROR] (player_animation_library) Could not find animation with the name:movementum:sliding
[19:58:57] [Render thread/ERROR] (player_animation_library) Could not find animation with the name:movementum:sliding
[19:58:57] [Render thread/ERROR] (player_animation_library) Could not find animation with the name:movementum:sliding
[19:58:57] [Render thread/ERROR] (player_animation_library) Could not find animation with the name:movementum:sliding
[19:58:57] [Render thread/ERROR] (player_animation_library) Could not find animation with the name:movementum:sliding
[19:58:57] [Render thread/ERROR] (player_animation_library) Could not find animation with the name:movementum:sliding
[19:58:57] [Render thread/ERROR] (player_animation_library) Could not find animation with the name:movementum:sliding
[19:58:57] [Render thread/ERROR] (player_animation_library) Could not find animation with the name:movementum:sliding
[19:58:57] [Render thread/ERROR] (player_animation_library) Could not find animation with the name:movementum:sliding
[19:58:57] [Render thread/ERROR] (player_animation_library) Could not find animation with the name:movementum:sliding
[19:58:57] [Render thread/ERROR] (player_animation_library) Could not find animation with the name:movementum:sliding
[19:58:57] [Render thread/ERROR] (player_animation_library) Could not find animation with the name:movementum:sliding
[19:58:57] [Render thread/ERROR] (player_animation_library) Could not find animation with the name:movementum:sliding
[19:58:57] [Render thread/ERROR] (player_animation_library) Could not find animation with the name:movementum:sliding
[19:58:57] [Render thread/ERROR] (player_animation_library) Could not find animation with the name:movementum:sliding
[19:58:57] [Render thread/ERROR] (player_animation_library) Could not find animation with the name:movementum:sliding
[19:58:57] [Render thread/ERROR] (player_animation_library) Could not find animation with the name:movementum:sliding
[19:58:57] [Render thread/ERROR] (player_animation_library) Could not find animation with the name:movementum:sliding
[19:58:57] [Render thread/ERROR] (player_animation_library) Could not find animation with the name:movementum:sliding
[19:58:57] [Render thread/ERROR] (player_animation_library) Could not find animation with the name:movementum:sliding
[19:58:58] [Render thread/ERROR] (player_animation_library) Could not find animation with the name:movementum:sliding
[19:58:58] [Render thread/ERROR] (player_animation_library) Could not find animation with the name:movementum:sliding
[19:58:58] [Render thread/ERROR] (player_animation_library) Could not find animation with the name:movementum:sliding
[19:58:58] [Render thread/ERROR] (player_animation_library) Could not find animation with the name:movementum:sliding
[19:58:58] [Render thread/ERROR] (player_animation_library) Could not find animation with the name:movementum:sliding
[19:58:58] [Render thread/ERROR] (player_animation_library) Could not find animation with the name:movementum:sliding
[19:58:58] [Render thread/ERROR] (player_animation_library) Could not find animation with the name:movementum:sliding
[19:58:58] [Render thread/ERROR] (player_animation_library) Could not find animation with the name:movementum:sliding
[19:58:58] [Render thread/ERROR] (player_animation_library) Could not find animation with the name:movementum:sliding
[19:58:58] [Render thread/ERROR] (player_animation_library) Could not find animation with the name:movementum:sliding
[19:58:58] [Render thread/ERROR] (player_animation_library) Could not find animation with the name:movementum:sliding
[19:58:58] [Render thread/ERROR] (player_animation_library) Could not find animation with the name:movementum:sliding
[19:58:58] [Render thread/ERROR] (player_animation_library) Could not find animation with the name:movementum:sliding
[19:58:58] [Render thread/ERROR] (player_animation_library) Could not find animation with the name:movementum:sliding
[19:58:58] [Render thread/ERROR] (player_animation_library) Could not find animation with the name:movementum:sliding
[19:58:58] [Render thread/ERROR] (player_animation_library) Could not find animation with the name:movementum:sliding
[19:58:58] [Render thread/ERROR] (player_animation_library) Could not find animation with the name:movementum:sliding
[19:58:58] [Render thread/ERROR] (player_animation_library) Could not find animation with the name:movementum:sliding
[19:58:58] [Render thread/ERROR] (player_animation_library) Could not find animation with the name:movementum:sliding
[19:58:58] [Render thread/ERROR] (player_animation_library) Could not find animation with the name:movementum:sliding
[19:58:59] [Render thread/ERROR] (player_animation_library) Could not find animation with the name:movementum:sliding
[19:58:59] [Render thread/ERROR] (player_animation_library) Could not find animation with the name:movementum:sliding
[19:58:59] [Render thread/ERROR] (player_animation_library) Could not find animation with the name:movementum:sliding
[19:58:59] [Render thread/ERROR] (player_animation_library) Could not find animation with the name:movementum:sliding
[19:58:59] [Render thread/ERROR] (player_animation_library) Could not find animation with the name:movementum:sliding
[19:58:59] [Render thread/ERROR] (player_animation_library) Could not find animation with the name:movementum:sliding
[19:58:59] [Render thread/ERROR] (player_animation_library) Could not find animation with the name:movementum:sliding
[19:58:59] [Render thread/ERROR] (player_animation_library) Could not find animation with the name:movementum:sliding
[19:58:59] [Render thread/ERROR] (player_animation_library) Could not find animation with the name:movementum:sliding
[19:58:59] [Render thread/ERROR] (player_animation_library) Could not find animation with the name:movementum:sliding
[19:58:59] [Render thread/ERROR] (player_animation_library) Could not find animation with the name:movementum:sliding
[19:58:59] [Render thread/ERROR] (player_animation_library) Could not find animation with the name:movementum:sliding
[19:58:59] [Render thread/ERROR] (player_animation_library) Could not find animation with the name:movementum:sliding
[19:58:59] [Render thread/ERROR] (player_animation_library) Could not find animation with the name:movementum:sliding
[19:58:59] [Render thread/ERROR] (player_animation_library) Could not find animation with the name:movementum:sliding
[19:58:59] [Render thread/ERROR] (player_animation_library) Could not find animation with the name:movementum:sliding
[19:58:59] [Render thread/ERROR] (player_animation_library) Could not find animation with the name:movementum:sliding
[19:58:59] [Render thread/ERROR] (player_animation_library) Could not find animation with the name:movementum:sliding
[19:58:59] [Render thread/ERROR] (player_animation_library) Could not find animation with the name:movementum:sliding
[19:58:59] [Render thread/ERROR] (player_animation_library) Could not find animation with the name:movementum:sliding
[19:59:00] [Render thread/ERROR] (player_animation_library) Could not find animation with the name:movementum:sliding
[19:59:00] [Render thread/ERROR] (player_animation_library) Could not find animation with the name:movementum:sliding
[19:59:00] [Render thread/ERROR] (player_animation_library) Could not find animation with the name:movementum:sliding
[19:59:00] [Render thread/ERROR] (player_animation_library) Could not find animation with the name:movementum:sliding
[19:59:00] [Render thread/ERROR] (player_animation_library) Could not find animation with the name:movementum:sliding
[19:59:00] [Render thread/ERROR] (player_animation_library) Could not find animation with the name:movementum:sliding
[19:59:00] [Render thread/ERROR] (player_animation_library) Could not find animation with the name:movementum:sliding
[19:59:00] [Render thread/ERROR] (player_animation_library) Could not find animation with the name:movementum:sliding
[19:59:00] [Render thread/ERROR] (player_animation_library) Could not find animation with the name:movementum:sliding
[19:59:00] [Render thread/ERROR] (player_animation_library) Could not find animation with the name:movementum:sliding
[19:59:00] [Render thread/ERROR] (player_animation_library) Could not find animation with the name:movementum:sliding
[19:59:00] [Render thread/ERROR] (player_animation_library) Could not find animation with the name:movementum:sliding
[19:59:00] [Render thread/ERROR] (player_animation_library) Could not find animation with the name:movementum:sliding
[19:59:00] [Render thread/ERROR] (player_animation_library) Could not find animation with the name:movementum:sliding
[19:59:00] [Render thread/ERROR] (player_animation_library) Could not find animation with the name:movementum:sliding
[19:59:00] [Render thread/ERROR] (player_animation_library) Could not find animation with the name:movementum:sliding
[19:59:00] [Render thread/ERROR] (player_animation_library) Could not find animation with the name:movementum:sliding
[19:59:00] [Render thread/ERROR] (player_animation_library) Could not find animation with the name:movementum:sliding
[19:59:00] [Render thread/ERROR] (player_animation_library) Could not find animation with the name:movementum:sliding
[19:59:00] [Render thread/ERROR] (player_animation_library) Could not find animation with the name:movementum:sliding
[19:59:01] [Render thread/ERROR] (player_animation_library) Could not find animation with the name:movementum:sliding
[19:59:01] [Render thread/ERROR] (player_animation_library) Could not find animation with the name:movementum:sliding
[19:59:01] [Render thread/ERROR] (player_animation_library) Could not find animation with the name:movementum:sliding
[19:59:01] [Render thread/ERROR] (player_animation_library) Could not find animation with the name:movementum:sliding
[19:59:01] [Render thread/ERROR] (player_animation_library) Could not find animation with the name:movementum:sliding
[19:59:01] [Render thread/ERROR] (player_animation_library) Could not find animation with the name:movementum:sliding
[19:59:01] [Render thread/ERROR] (player_animation_library) Could not find animation with the name:movementum:sliding
[19:59:01] [Render thread/ERROR] (player_animation_library) Could not find animation with the name:movementum:sliding
[19:59:01] [Render thread/ERROR] (player_animation_library) Could not find animation with the name:movementum:sliding
[19:59:01] [Render thread/ERROR] (player_animation_library) Could not find animation with the name:movementum:sliding
[19:59:01] [Render thread/ERROR] (player_animation_library) Could not find animation with the name:movementum:sliding
[19:59:03] [Render thread/ERROR] (player_animation_library) Could not find animation with the name:movementum:sliding
[19:59:03] [Render thread/ERROR] (player_animation_library) Could not find animation with the name:movementum:sliding
[19:59:03] [Render thread/ERROR] (player_animation_library) Could not find animation with the name:movementum:sliding
[19:59:03] [Render thread/ERROR] (player_animation_library) Could not find animation with the name:movementum:sliding
[19:59:03] [Render thread/ERROR] (player_animation_library) Could not find animation with the name:movementum:sliding
[19:59:03] [Render thread/ERROR] (player_animation_library) Could not find animation with the name:movementum:sliding
[19:59:03] [Render thread/ERROR] (player_animation_library) Could not find animation with the name:movementum:sliding
[19:59:10] [Render thread/ERROR] (player_animation_library) Could not find animation with the name:movementum:sliding
[19:59:10] [Render thread/ERROR] (player_animation_library) Could not find animation with the name:movementum:sliding
[19:59:10] [Render thread/ERROR] (player_animation_library) Could not find animation with the name:movementum:sliding
[19:59:10] [Render thread/ERROR] (player_animation_library) Could not find animation with the name:movementum:sliding
[19:59:10] [Render thread/ERROR] (player_animation_library) Could not find animation with the name:movementum:sliding
[19:59:10] [Render thread/ERROR] (player_animation_library) Could not find animation with the name:movementum:sliding
[19:59:10] [Render thread/ERROR] (player_animation_library) Could not find animation with the name:movementum:sliding
[19:59:10] [Render thread/ERROR] (player_animation_library) Could not find animation with the name:movementum:sliding
[19:59:10] [Render thread/ERROR] (player_animation_library) Could not find animation with the name:movementum:sliding
[19:59:10] [Render thread/ERROR] (player_animation_library) Could not find animation with the name:movementum:sliding
[19:59:10] [Render thread/ERROR] (player_animation_library) Could not find animation with the name:movementum:sliding
[19:59:10] [Render thread/ERROR] (player_animation_library) Could not find animation with the name:movementum:sliding
[19:59:10] [Render thread/ERROR] (player_animation_library) Could not find animation with the name:movementum:sliding
[19:59:10] [Render thread/ERROR] (player_animation_library) Could not find animation with the name:movementum:sliding
[19:59:10] [Render thread/ERROR] (player_animation_library) Could not find animation with the name:movementum:sliding
[19:59:10] [Render thread/ERROR] (player_animation_library) Could not find animation with the name:movementum:sliding
[19:59:10] [Render thread/ERROR] (player_animation_library) Could not find animation with the name:movementum:sliding
[19:59:10] [Render thread/ERROR] (player_animation_library) Could not find animation with the name:movementum:sliding
[19:59:10] [Render thread/ERROR] (player_animation_library) Could not find animation with the name:movementum:sliding
[19:59:10] [Render thread/ERROR] (player_animation_library) Could not find animation with the name:movementum:sliding
[19:59:11] [Render thread/ERROR] (player_animation_library) Could not find animation with the name:movementum:sliding
[19:59:11] [Render thread/ERROR] (player_animation_library) Could not find animation with the name:movementum:sliding
[19:59:11] [Render thread/ERROR] (player_animation_library) Could not find animation with the name:movementum:sliding
[19:59:11] [Render thread/ERROR] (player_animation_library) Could not find animation with the name:movementum:sliding
[19:59:11] [Render thread/ERROR] (player_animation_library) Could not find animation with the name:movementum:sliding
[19:59:11] [Render thread/ERROR] (player_animation_library) Could not find animation with the name:movementum:sliding
[19:59:11] [Render thread/ERROR] (player_animation_library) Could not find animation with the name:movementum:sliding
[19:59:11] [Render thread/ERROR] (player_animation_library) Could not find animation with the name:movementum:sliding
[19:59:11] [Render thread/ERROR] (player_animation_library) Could not find animation with the name:movementum:sliding
[19:59:11] [Render thread/ERROR] (player_animation_library) Could not find animation with the name:movementum:sliding
[19:59:11] [Render thread/ERROR] (player_animation_library) Could not find animation with the name:movementum:sliding
[19:59:11] [Render thread/ERROR] (player_animation_library) Could not find animation with the name:movementum:sliding
[19:59:11] [Render thread/ERROR] (player_animation_library) Could not find animation with the name:movementum:sliding
[19:59:11] [Render thread/ERROR] (player_animation_library) Could not find animation with the name:movementum:sliding
[19:59:11] [Render thread/ERROR] (player_animation_library) Could not find animation with the name:movementum:sliding
[19:59:11] [Render thread/ERROR] (player_animation_library) Could not find animation with the name:movementum:sliding
[19:59:11] [Render thread/ERROR] (player_animation_library) Could not find animation with the name:movementum:sliding
[19:59:11] [Render thread/ERROR] (player_animation_library) Could not find animation with the name:movementum:sliding
[19:59:11] [Render thread/ERROR] (player_animation_library) Could not find animation with the name:movementum:sliding
[19:59:11] [Render thread/ERROR] (player_animation_library) Could not find animation with the name:movementum:sliding
[19:59:12] [Render thread/ERROR] (player_animation_library) Could not find animation with the name:movementum:sliding
[19:59:12] [Render thread/ERROR] (player_animation_library) Could not find animation with the name:movementum:sliding
[19:59:12] [Render thread/ERROR] (player_animation_library) Could not find animation with the name:movementum:sliding
[19:59:12] [Render thread/ERROR] (player_animation_library) Could not find animation with the name:movementum:sliding
[19:59:12] [Render thread/ERROR] (player_animation_library) Could not find animation with the name:movementum:sliding
[19:59:12] [Render thread/ERROR] (player_animation_library) Could not find animation with the name:movementum:sliding
[19:59:12] [Render thread/ERROR] (player_animation_library) Could not find animation with the name:movementum:sliding
[19:59:12] [Render thread/ERROR] (player_animation_library) Could not find animation with the name:movementum:sliding
[19:59:12] [Render thread/ERROR] (player_animation_library) Could not find animation with the name:movementum:sliding
[19:59:12] [Render thread/ERROR] (player_animation_library) Could not find animation with the name:movementum:sliding
[19:59:12] [Render thread/ERROR] (player_animation_library) Could not find animation with the name:movementum:sliding
[19:59:12] [Render thread/ERROR] (player_animation_library) Could not find animation with the name:movementum:sliding
[19:59:12] [Render thread/ERROR] (player_animation_library) Could not find animation with the name:movementum:sliding
[19:59:12] [Render thread/ERROR] (player_animation_library) Could not find animation with the name:movementum:sliding
[19:59:12] [Render thread/ERROR] (player_animation_library) Could not find animation with the name:movementum:sliding
[19:59:12] [Render thread/ERROR] (player_animation_library) Could not find animation with the name:movementum:sliding
[19:59:12] [Render thread/ERROR] (player_animation_library) Could not find animation with the name:movementum:sliding
[19:59:12] [Render thread/ERROR] (player_animation_library) Could not find animation with the name:movementum:sliding
[19:59:12] [Render thread/ERROR] (player_animation_library) Could not find animation with the name:movementum:sliding
[19:59:12] [Render thread/ERROR] (player_animation_library) Could not find animation with the name:movementum:sliding
[19:59:13] [Render thread/ERROR] (player_animation_library) Could not find animation with the name:movementum:sliding
[19:59:13] [Render thread/ERROR] (player_animation_library) Could not find animation with the name:movementum:sliding
[19:59:13] [Render thread/ERROR] (player_animation_library) Could not find animation with the name:movementum:sliding
[19:59:13] [Render thread/ERROR] (player_animation_library) Could not find animation with the name:movementum:sliding
[19:59:13] [Render thread/ERROR] (player_animation_library) Could not find animation with the name:movementum:sliding
[19:59:13] [Render thread/ERROR] (player_animation_library) Could not find animation with the name:movementum:sliding
[19:59:13] [Render thread/ERROR] (player_animation_library) Could not find animation with the name:movementum:sliding
[19:59:13] [Render thread/ERROR] (player_animation_library) Could not find animation with the name:movementum:sliding
[19:59:13] [Render thread/ERROR] (player_animation_library) Could not find animation with the name:movementum:sliding
[19:59:13] [Render thread/ERROR] (player_animation_library) Could not find animation with the name:movementum:sliding
[19:59:13] [Render thread/ERROR] (player_animation_library) Could not find animation with the name:movementum:sliding
[19:59:13] [Render thread/ERROR] (player_animation_library) Could not find animation with the name:movementum:sliding
[19:59:13] [Render thread/ERROR] (player_animation_library) Could not find animation with the name:movementum:sliding
[19:59:13] [Render thread/ERROR] (player_animation_library) Could not find animation with the name:movementum:sliding
[19:59:13] [Render thread/ERROR] (player_animation_library) Could not find animation with the name:movementum:sliding
[19:59:13] [Render thread/ERROR] (player_animation_library) Could not find animation with the name:movementum:sliding
[19:59:13] [Render thread/ERROR] (player_animation_library) Could not find animation with the name:movementum:sliding
[19:59:13] [Render thread/ERROR] (player_animation_library) Could not find animation with the name:movementum:sliding
[19:59:13] [Render thread/ERROR] (player_animation_library) Could not find animation with the name:movementum:sliding
[19:59:13] [Render thread/ERROR] (player_animation_library) Could not find animation with the name:movementum:sliding
[19:59:14] [Render thread/ERROR] (player_animation_library) Could not find animation with the name:movementum:sliding
[19:59:14] [Render thread/ERROR] (player_animation_library) Could not find animation with the name:movementum:sliding
[19:59:14] [Render thread/ERROR] (player_animation_library) Could not find animation with the name:movementum:sliding
[19:59:26] [Render thread/ERROR] (player_animation_library) Could not find animation with the name:movementum:sliding
[19:59:26] [Render thread/ERROR] (player_animation_library) Could not find animation with the name:movementum:sliding
[19:59:26] [Render thread/ERROR] (player_animation_library) Could not find animation with the name:movementum:sliding
[19:59:26] [Render thread/ERROR] (player_animation_library) Could not find animation with the name:movementum:sliding
[19:59:26] [Render thread/ERROR] (player_animation_library) Could not find animation with the name:movementum:sliding
[19:59:26] [Render thread/ERROR] (player_animation_library) Could not find animation with the name:movementum:sliding
[19:59:26] [Render thread/ERROR] (player_animation_library) Could not find animation with the name:movementum:sliding
[19:59:27] [Render thread/ERROR] (player_animation_library) Could not find animation with the name:movementum:sliding
[19:59:27] [Render thread/ERROR] (player_animation_library) Could not find animation with the name:movementum:sliding
[19:59:27] [Render thread/ERROR] (player_animation_library) Could not find animation with the name:movementum:sliding
[19:59:27] [Render thread/ERROR] (player_animation_library) Could not find animation with the name:movementum:sliding
[19:59:32] [Render thread/ERROR] (player_animation_library) Could not find animation with the name:movementum:sliding
[19:59:32] [Render thread/ERROR] (player_animation_library) Could not find animation with the name:movementum:sliding
[19:59:32] [Render thread/ERROR] (player_animation_library) Could not find animation with the name:movementum:sliding
[19:59:32] [Render thread/ERROR] (player_animation_library) Could not find animation with the name:movementum:sliding
[19:59:32] [Render thread/ERROR] (player_animation_library) Could not find animation with the name:movementum:sliding
[19:59:32] [Render thread/ERROR] (player_animation_library) Could not find animation with the name:movementum:sliding
[19:59:32] [Render thread/ERROR] (player_animation_library) Could not find animation with the name:movementum:sliding
[19:59:32] [Render thread/ERROR] (player_animation_library) Could not find animation with the name:movementum:sliding
[19:59:32] [Render thread/ERROR] (player_animation_library) Could not find animation with the name:movementum:sliding
[19:59:32] [Render thread/ERROR] (player_animation_library) Could not find animation with the name:movementum:sliding
[19:59:32] [Render thread/ERROR] (player_animation_library) Could not find animation with the name:movementum:sliding
[19:59:32] [Render thread/INFO] (Minecraft) Resizing Dynamic Transforms UBO, capacity limit of 8 reached during a single frame. New capacity will be 16.
[19:59:32] [Render thread/ERROR] (player_animation_library) Could not find animation with the name:movementum:sliding
[19:59:32] [Render thread/ERROR] (player_animation_library) Could not find animation with the name:movementum:sliding
[19:59:32] [Render thread/ERROR] (player_animation_library) Could not find animation with the name:movementum:sliding
[19:59:32] [Render thread/ERROR] (player_animation_library) Could not find animation with the name:movementum:sliding
[19:59:33] [Render thread/ERROR] (player_animation_library) Could not find animation with the name:movementum:sliding
[19:59:33] [Render thread/ERROR] (player_animation_library) Could not find animation with the name:movementum:sliding
[19:59:33] [Render thread/ERROR] (player_animation_library) Could not find animation with the name:movementum:sliding
[19:59:33] [Render thread/ERROR] (player_animation_library) Could not find animation with the name:movementum:sliding
[19:59:33] [Render thread/ERROR] (player_animation_library) Could not find animation with the name:movementum:sliding
[19:59:33] [Render thread/ERROR] (player_animation_library) Could not find animation with the name:movementum:sliding
[19:59:33] [Render thread/ERROR] (player_animation_library) Could not find animation with the name:movementum:sliding
[19:59:33] [Render thread/ERROR] (player_animation_library) Could not find animation with the name:movementum:sliding
[19:59:33] [Render thread/ERROR] (player_animation_library) Could not find animation with the name:movementum:sliding
[19:59:33] [Render thread/ERROR] (player_animation_library) Could not find animation with the name:movementum:sliding
[19:59:33] [Render thread/ERROR] (player_animation_library) Could not find animation with the name:movementum:sliding
[19:59:33] [Render thread/ERROR] (player_animation_library) Could not find animation with the name:movementum:sliding
[19:59:33] [Render thread/ERROR] (player_animation_library) Could not find animation with the name:movementum:sliding
[19:59:33] [Render thread/ERROR] (player_animation_library) Could not find animation with the name:movementum:sliding
[19:59:33] [Render thread/ERROR] (player_animation_library) Could not find animation with the name:movementum:sliding
[19:59:33] [Render thread/ERROR] (player_animation_library) Could not find animation with the name:movementum:sliding
[19:59:33] [Render thread/INFO] (Minecraft) Loaded 70 advancements
[19:59:33] [Render thread/ERROR] (player_animation_library) Could not find animation with the name:movementum:sliding
[19:59:33] [Render thread/ERROR] (player_animation_library) Could not find animation with the name:movementum:sliding
[19:59:33] [Render thread/ERROR] (player_animation_library) Could not find animation with the name:movementum:sliding
[19:59:33] [Render thread/ERROR] (player_animation_library) Could not find animation with the name:movementum:sliding
[19:59:34] [Render thread/ERROR] (player_animation_library) Could not find animation with the name:movementum:sliding
[19:59:34] [Render thread/ERROR] (player_animation_library) Could not find animation with the name:movementum:sliding
[19:59:34] [Render thread/ERROR] (player_animation_library) Could not find animation with the name:movementum:sliding
[19:59:34] [Render thread/ERROR] (player_animation_library) Could not find animation with the name:movementum:sliding
[19:59:34] [Render thread/ERROR] (player_animation_library) Could not find animation with the name:movementum:sliding
[19:59:34] [Render thread/ERROR] (player_animation_library) Could not find animation with the name:movementum:sliding
[19:59:34] [Render thread/ERROR] (player_animation_library) Could not find animation with the name:movementum:sliding
[19:59:34] [Render thread/ERROR] (player_animation_library) Could not find animation with the name:movementum:sliding
[19:59:34] [Render thread/ERROR] (player_animation_library) Could not find animation with the name:movementum:sliding
[19:59:34] [Render thread/ERROR] (player_animation_library) Could not find animation with the name:movementum:sliding
[19:59:34] [Render thread/ERROR] (player_animation_library) Could not find animation with the name:movementum:sliding
[19:59:34] [Render thread/ERROR] (player_animation_library) Could not find animation with the name:movementum:sliding
[19:59:34] [Render thread/ERROR] (player_animation_library) Could not find animation with the name:movementum:sliding
[19:59:34] [Render thread/ERROR] (player_animation_library) Could not find animation with the name:movementum:sliding
[19:59:34] [Render thread/ERROR] (player_animation_library) Could not find animation with the name:movementum:sliding
[19:59:34] [Render thread/ERROR] (player_animation_library) Could not find animation with the name:movementum:sliding
[19:59:34] [Render thread/ERROR] (player_animation_library) Could not find animation with the name:movementum:sliding
[19:59:34] [Render thread/ERROR] (player_animation_library) Could not find animation with the name:movementum:sliding
[19:59:34] [Render thread/ERROR] (player_animation_library) Could not find animation with the name:movementum:sliding
[19:59:34] [Render thread/ERROR] (player_animation_library) Could not find animation with the name:movementum:sliding
[19:59:35] [Render thread/ERROR] (player_animation_library) Could not find animation with the name:movementum:sliding
[19:59:35] [Render thread/ERROR] (player_animation_library) Could not find animation with the name:movementum:sliding
[19:59:35] [Render thread/ERROR] (player_animation_library) Could not find animation with the name:movementum:sliding
[19:59:35] [Render thread/ERROR] (player_animation_library) Could not find animation with the name:movementum:sliding
[19:59:35] [Render thread/ERROR] (player_animation_library) Could not find animation with the name:movementum:sliding
[19:59:35] [Render thread/ERROR] (player_animation_library) Could not find animation with the name:movementum:sliding
[19:59:35] [Render thread/ERROR] (player_animation_library) Could not find animation with the name:movementum:sliding
[19:59:35] [Render thread/ERROR] (player_animation_library) Could not find animation with the name:movementum:sliding
[19:59:35] [Render thread/ERROR] (player_animation_library) Could not find animation with the name:movementum:sliding
[19:59:35] [Render thread/ERROR] (player_animation_library) Could not find animation with the name:movementum:sliding
[19:59:35] [Render thread/ERROR] (player_animation_library) Could not find animation with the name:movementum:sliding
[19:59:35] [Render thread/ERROR] (player_animation_library) Could not find animation with the name:movementum:sliding
[19:59:35] [Render thread/ERROR] (player_animation_library) Could not find animation with the name:movementum:sliding
[19:59:35] [Render thread/ERROR] (player_animation_library) Could not find animation with the name:movementum:sliding
[19:59:35] [Render thread/ERROR] (player_animation_library) Could not find animation with the name:movementum:sliding
[19:59:35] [Render thread/ERROR] (player_animation_library) Could not find animation with the name:movementum:sliding
[19:59:35] [Render thread/ERROR] (player_animation_library) Could not find animation with the name:movementum:sliding
[19:59:35] [Render thread/ERROR] (player_animation_library) Could not find animation with the name:movementum:sliding
[19:59:35] [Render thread/ERROR] (player_animation_library) Could not find animation with the name:movementum:sliding
[19:59:35] [Render thread/ERROR] (player_animation_library) Could not find animation with the name:movementum:sliding
[19:59:36] [Render thread/ERROR] (player_animation_library) Could not find animation with the name:movementum:sliding
[19:59:36] [Render thread/ERROR] (player_animation_library) Could not find animation with the name:movementum:sliding
[19:59:36] [Render thread/ERROR] (player_animation_library) Could not find animation with the name:movementum:sliding
[19:59:36] [Render thread/ERROR] (player_animation_library) Could not find animation with the name:movementum:sliding
[19:59:36] [Render thread/ERROR] (player_animation_library) Could not find animation with the name:movementum:sliding
[19:59:36] [Render thread/ERROR] (player_animation_library) Could not find animation with the name:movementum:sliding
[19:59:36] [Render thread/ERROR] (player_animation_library) Could not find animation with the name:movementum:sliding
[19:59:36] [Render thread/ERROR] (player_animation_library) Could not find animation with the name:movementum:sliding
[19:59:36] [Render thread/ERROR] (player_animation_library) Could not find animation with the name:movementum:sliding
[19:59:36] [Render thread/ERROR] (player_animation_library) Could not find animation with the name:movementum:sliding
[19:59:36] [Render thread/ERROR] (player_animation_library) Could not find animation with the name:movementum:sliding
[19:59:36] [Render thread/ERROR] (player_animation_library) Could not find animation with the name:movementum:sliding
[19:59:36] [Render thread/ERROR] (player_animation_library) Could not find animation with the name:movementum:sliding
[19:59:36] [Render thread/ERROR] (player_animation_library) Could not find animation with the name:movementum:sliding
[19:59:36] [Render thread/ERROR] (player_animation_library) Could not find animation with the name:movementum:sliding
[19:59:36] [Render thread/ERROR] (player_animation_library) Could not find animation with the name:movementum:sliding
[19:59:36] [Render thread/ERROR] (player_animation_library) Could not find animation with the name:movementum:sliding
[19:59:36] [Render thread/ERROR] (player_animation_library) Could not find animation with the name:movementum:sliding
[19:59:36] [Render thread/ERROR] (player_animation_library) Could not find animation with the name:movementum:sliding
[19:59:36] [Render thread/ERROR] (player_animation_library) Could not find animation with the name:movementum:sliding
[19:59:37] [Render thread/ERROR] (player_animation_library) Could not find animation with the name:movementum:sliding
[19:59:37] [Render thread/ERROR] (player_animation_library) Could not find animation with the name:movementum:sliding
[19:59:37] [Render thread/ERROR] (player_animation_library) Could not find animation with the name:movementum:sliding
[19:59:37] [Render thread/ERROR] (player_animation_library) Could not find animation with the name:movementum:sliding
[19:59:37] [Render thread/ERROR] (player_animation_library) Could not find animation with the name:movementum:sliding
[19:59:37] [Render thread/ERROR] (player_animation_library) Could not find animation with the name:movementum:sliding
[19:59:37] [Render thread/ERROR] (player_animation_library) Could not find animation with the name:movementum:sliding
[19:59:37] [Render thread/ERROR] (player_animation_library) Could not find animation with the name:movementum:sliding
[19:59:37] [Render thread/ERROR] (player_animation_library) Could not find animation with the name:movementum:sliding
[19:59:37] [Render thread/ERROR] (player_animation_library) Could not find animation with the name:movementum:sliding
[19:59:37] [Render thread/ERROR] (player_animation_library) Could not find animation with the name:movementum:sliding
[19:59:37] [Render thread/ERROR] (player_animation_library) Could not find animation with the name:movementum:sliding
[19:59:37] [Render thread/ERROR] (player_animation_library) Could not find animation with the name:movementum:sliding
[19:59:37] [Render thread/ERROR] (player_animation_library) Could not find animation with the name:movementum:sliding
[19:59:37] [Render thread/ERROR] (player_animation_library) Could not find animation with the name:movementum:sliding
[19:59:37] [Render thread/ERROR] (player_animation_library) Could not find animation with the name:movementum:sliding
[19:59:37] [Render thread/ERROR] (player_animation_library) Could not find animation with the name:movementum:sliding
[19:59:37] [Render thread/ERROR] (player_animation_library) Could not find animation with the name:movementum:sliding
[19:59:37] [Render thread/ERROR] (player_animation_library) Could not find animation with the name:movementum:sliding
[19:59:37] [Render thread/ERROR] (player_animation_library) Could not find animation with the name:movementum:sliding
[19:59:38] [Render thread/ERROR] (player_animation_library) Could not find animation with the name:movementum:sliding
[19:59:39] [Render thread/ERROR] (player_animation_library) Could not find animation with the name:movementum:sliding
[19:59:39] [Render thread/ERROR] (player_animation_library) Could not find animation with the name:movementum:sliding
[19:59:39] [Render thread/ERROR] (player_animation_library) Could not find animation with the name:movementum:sliding
[19:59:39] [Render thread/ERROR] (player_animation_library) Could not find animation with the name:movementum:sliding
[19:59:39] [Render thread/ERROR] (player_animation_library) Could not find animation with the name:movementum:sliding
[19:59:39] [Render thread/ERROR] (player_animation_library) Could not find animation with the name:movementum:sliding
[19:59:39] [Render thread/ERROR] (player_animation_library) Could not find animation with the name:movementum:sliding
[19:59:39] [Render thread/ERROR] (player_animation_library) Could not find animation with the name:movementum:sliding
[19:59:39] [Render thread/ERROR] (player_animation_library) Could not find animation with the name:movementum:sliding
[19:59:43] [Render thread/ERROR] (player_animation_library) Could not find animation with the name:movementum:sliding
[19:59:43] [Render thread/ERROR] (player_animation_library) Could not find animation with the name:movementum:sliding
[19:59:43] [Render thread/ERROR] (player_animation_library) Could not find animation with the name:movementum:sliding
[19:59:43] [Render thread/ERROR] (player_animation_library) Could not find animation with the name:movementum:sliding
[19:59:43] [Render thread/ERROR] (player_animation_library) Could not find animation with the name:movementum:sliding
[19:59:43] [Render thread/ERROR] (player_animation_library) Could not find animation with the name:movementum:sliding
[19:59:43] [Render thread/ERROR] (player_animation_library) Could not find animation with the name:movementum:sliding
[19:59:43] [Render thread/ERROR] (player_animation_library) Could not find animation with the name:movementum:sliding
[19:59:43] [Render thread/ERROR] (player_animation_library) Could not find animation with the name:movementum:sliding
[19:59:43] [Render thread/ERROR] (player_animation_library) Could not find animation with the name:movementum:sliding
[19:59:43] [Render thread/ERROR] (player_animation_library) Could not find animation with the name:movementum:sliding
[19:59:43] [Render thread/ERROR] (player_animation_library) Could not find animation with the name:movementum:sliding
[19:59:43] [Render thread/ERROR] (player_animation_library) Could not find animation with the name:movementum:sliding
[19:59:44] [Render thread/ERROR] (player_animation_library) Could not find animation with the name:movementum:sliding
[19:59:44] [Render thread/ERROR] (player_animation_library) Could not find animation with the name:movementum:sliding
[19:59:44] [Render thread/ERROR] (player_animation_library) Could not find animation with the name:movementum:sliding
[19:59:44] [Render thread/ERROR] (player_animation_library) Could not find animation with the name:movementum:sliding
[19:59:44] [Render thread/ERROR] (player_animation_library) Could not find animation with the name:movementum:sliding
[19:59:44] [Render thread/ERROR] (player_animation_library) Could not find animation with the name:movementum:sliding
[19:59:44] [Render thread/ERROR] (player_animation_library) Could not find animation with the name:movementum:sliding
[19:59:44] [Render thread/ERROR] (player_animation_library) Could not find animation with the name:movementum:sliding
[19:59:44] [Render thread/ERROR] (player_animation_library) Could not find animation with the name:movementum:sliding
[19:59:44] [Render thread/ERROR] (player_animation_library) Could not find animation with the name:movementum:sliding
[19:59:44] [Render thread/ERROR] (player_animation_library) Could not find animation with the name:movementum:sliding
[19:59:44] [Render thread/ERROR] (player_animation_library) Could not find animation with the name:movementum:sliding
[19:59:44] [Render thread/ERROR] (player_animation_library) Could not find animation with the name:movementum:sliding
[19:59:44] [Render thread/ERROR] (player_animation_library) Could not find animation with the name:movementum:sliding
[19:59:44] [Render thread/ERROR] (player_animation_library) Could not find animation with the name:movementum:sliding
[19:59:44] [Render thread/ERROR] (player_animation_library) Could not find animation with the name:movementum:sliding
[19:59:44] [Render thread/ERROR] (player_animation_library) Could not find animation with the name:movementum:sliding
[19:59:44] [Render thread/ERROR] (player_animation_library) Could not find animation with the name:movementum:sliding
[19:59:44] [Render thread/ERROR] (player_animation_library) Could not find animation with the name:movementum:sliding
[19:59:44] [Render thread/ERROR] (player_animation_library) Could not find animation with the name:movementum:sliding
[19:59:45] [Render thread/ERROR] (player_animation_library) Could not find animation with the name:movementum:sliding
[19:59:45] [Render thread/ERROR] (player_animation_library) Could not find animation with the name:movementum:sliding
[19:59:45] [Render thread/ERROR] (player_animation_library) Could not find animation with the name:movementum:sliding
[19:59:45] [Render thread/ERROR] (player_animation_library) Could not find animation with the name:movementum:sliding
[19:59:45] [Render thread/ERROR] (player_animation_library) Could not find animation with the name:movementum:sliding
[19:59:45] [Render thread/ERROR] (player_animation_library) Could not find animation with the name:movementum:sliding
[19:59:45] [Render thread/ERROR] (player_animation_library) Could not find animation with the name:movementum:sliding
[19:59:45] [Render thread/ERROR] (player_animation_library) Could not find animation with the name:movementum:sliding
[19:59:45] [Render thread/ERROR] (player_animation_library) Could not find animation with the name:movementum:sliding
[19:59:45] [Render thread/ERROR] (player_animation_library) Could not find animation with the name:movementum:sliding
[19:59:45] [Render thread/ERROR] (player_animation_library) Could not find animation with the name:movementum:sliding
[19:59:45] [Render thread/ERROR] (player_animation_library) Could not find animation with the name:movementum:sliding
[19:59:45] [Render thread/ERROR] (player_animation_library) Could not find animation with the name:movementum:sliding
[19:59:45] [Render thread/ERROR] (player_animation_library) Could not find animation with the name:movementum:sliding
[19:59:45] [Render thread/ERROR] (player_animation_library) Could not find animation with the name:movementum:sliding
[19:59:45] [Render thread/ERROR] (player_animation_library) Could not find animation with the name:movementum:sliding
[19:59:45] [Render thread/ERROR] (player_animation_library) Could not find animation with the name:movementum:sliding
[19:59:45] [Render thread/ERROR] (player_animation_library) Could not find animation with the name:movementum:sliding
[19:59:45] [Render thread/ERROR] (player_animation_library) Could not find animation with the name:movementum:sliding
[19:59:45] [Render thread/ERROR] (player_animation_library) Could not find animation with the name:movementum:sliding
[19:59:46] [Render thread/ERROR] (player_animation_library) Could not find animation with the name:movementum:sliding
[19:59:46] [Render thread/ERROR] (player_animation_library) Could not find animation with the name:movementum:sliding
[19:59:46] [Render thread/ERROR] (player_animation_library) Could not find animation with the name:movementum:sliding
[19:59:46] [Render thread/ERROR] (player_animation_library) Could not find animation with the name:movementum:sliding
[19:59:46] [Render thread/ERROR] (player_animation_library) Could not find animation with the name:movementum:sliding
[19:59:46] [Render thread/ERROR] (player_animation_library) Could not find animation with the name:movementum:sliding
[19:59:46] [Render thread/ERROR] (player_animation_library) Could not find animation with the name:movementum:sliding
[19:59:46] [Render thread/ERROR] (player_animation_library) Could not find animation with the name:movementum:sliding
[19:59:46] [Render thread/ERROR] (player_animation_library) Could not find animation with the name:movementum:sliding
[19:59:46] [Render thread/ERROR] (player_animation_library) Could not find animation with the name:movementum:sliding
[19:59:46] [Render thread/ERROR] (player_animation_library) Could not find animation with the name:movementum:sliding
[19:59:46] [Render thread/ERROR] (player_animation_library) Could not find animation with the name:movementum:sliding
[19:59:46] [Render thread/ERROR] (player_animation_library) Could not find animation with the name:movementum:sliding
[19:59:46] [Render thread/ERROR] (player_animation_library) Could not find animation with the name:movementum:sliding
[19:59:46] [Render thread/ERROR] (player_animation_library) Could not find animation with the name:movementum:sliding
[19:59:46] [Render thread/ERROR] (player_animation_library) Could not find animation with the name:movementum:sliding
[19:59:46] [Render thread/ERROR] (player_animation_library) Could not find animation with the name:movementum:sliding
[19:59:46] [Render thread/ERROR] (player_animation_library) Could not find animation with the name:movementum:sliding
[19:59:46] [Render thread/ERROR] (player_animation_library) Could not find animation with the name:movementum:sliding
[19:59:46] [Render thread/ERROR] (player_animation_library) Could not find animation with the name:movementum:sliding
[19:59:47] [Render thread/ERROR] (player_animation_library) Could not find animation with the name:movementum:sliding
[19:59:47] [Render thread/ERROR] (player_animation_library) Could not find animation with the name:movementum:sliding
[19:59:47] [Render thread/ERROR] (player_animation_library) Could not find animation with the name:movementum:sliding
[19:59:47] [Render thread/ERROR] (player_animation_library) Could not find animation with the name:movementum:sliding
[19:59:48] [Render thread/ERROR] (player_animation_library) Could not find animation with the name:movementum:sliding
[19:59:48] [Render thread/ERROR] (player_animation_library) Could not find animation with the name:movementum:sliding
[19:59:48] [Render thread/ERROR] (player_animation_library) Could not find animation with the name:movementum:sliding
[19:59:48] [Render thread/ERROR] (player_animation_library) Could not find animation with the name:movementum:sliding
[19:59:48] [Render thread/ERROR] (player_animation_library) Could not find animation with the name:movementum:sliding
[19:59:48] [Render thread/ERROR] (player_animation_library) Could not find animation with the name:movementum:sliding
[19:59:48] [Render thread/ERROR] (player_animation_library) Could not find animation with the name:movementum:sliding
[19:59:48] [Render thread/ERROR] (player_animation_library) Could not find animation with the name:movementum:sliding
[19:59:48] [Render thread/ERROR] (player_animation_library) Could not find animation with the name:movementum:sliding
[19:59:48] [Render thread/ERROR] (player_animation_library) Could not find animation with the name:movementum:sliding
[19:59:48] [Render thread/ERROR] (player_animation_library) Could not find animation with the name:movementum:sliding
[19:59:49] [Render thread/ERROR] (player_animation_library) Could not find animation with the name:movementum:sliding
[19:59:49] [Render thread/ERROR] (player_animation_library) Could not find animation with the name:movementum:sliding
[19:59:49] [Render thread/ERROR] (player_animation_library) Could not find animation with the name:movementum:sliding
[19:59:49] [Render thread/ERROR] (player_animation_library) Could not find animation with the name:movementum:sliding
[19:59:49] [Render thread/ERROR] (player_animation_library) Could not find animation with the name:movementum:sliding
[19:59:49] [Render thread/ERROR] (player_animation_library) Could not find animation with the name:movementum:sliding
[19:59:49] [Render thread/ERROR] (player_animation_library) Could not find animation with the name:movementum:sliding
[19:59:49] [Render thread/ERROR] (player_animation_library) Could not find animation with the name:movementum:sliding
[19:59:49] [Render thread/ERROR] (player_animation_library) Could not find animation with the name:movementum:sliding
[19:59:49] [Render thread/ERROR] (player_animation_library) Could not find animation with the name:movementum:sliding
[19:59:49] [Render thread/ERROR] (player_animation_library) Could not find animation with the name:movementum:sliding
[19:59:49] [Render thread/ERROR] (player_animation_library) Could not find animation with the name:movementum:sliding
[19:59:49] [Render thread/ERROR] (player_animation_library) Could not find animation with the name:movementum:sliding
[19:59:49] [Render thread/ERROR] (player_animation_library) Could not find animation with the name:movementum:sliding
[19:59:49] [Render thread/ERROR] (player_animation_library) Could not find animation with the name:movementum:sliding
[19:59:49] [Render thread/ERROR] (player_animation_library) Could not find animation with the name:movementum:sliding
[19:59:50] [Render thread/ERROR] (player_animation_library) Could not find animation with the name:movementum:sliding
[19:59:50] [Render thread/ERROR] (player_animation_library) Could not find animation with the name:movementum:sliding
[19:59:50] [Render thread/ERROR] (player_animation_library) Could not find animation with the name:movementum:sliding
[19:59:50] [Render thread/ERROR] (player_animation_library) Could not find animation with the name:movementum:sliding
[19:59:50] [Render thread/ERROR] (player_animation_library) Could not find animation with the name:movementum:sliding
[19:59:50] [Render thread/ERROR] (player_animation_library) Could not find animation with the name:movementum:sliding
[19:59:50] [Render thread/ERROR] (player_animation_library) Could not find animation with the name:movementum:sliding
[19:59:50] [Render thread/ERROR] (player_animation_library) Could not find animation with the name:movementum:sliding
[19:59:50] [Render thread/ERROR] (player_animation_library) Could not find animation with the name:movementum:sliding
[19:59:50] [Render thread/ERROR] (player_animation_library) Could not find animation with the name:movementum:sliding
[19:59:50] [Render thread/ERROR] (player_animation_library) Could not find animation with the name:movementum:sliding
[19:59:50] [Render thread/ERROR] (player_animation_library) Could not find animation with the name:movementum:sliding
[19:59:50] [Render thread/ERROR] (player_animation_library) Could not find animation with the name:movementum:sliding
[19:59:50] [Render thread/ERROR] (player_animation_library) Could not find animation with the name:movementum:sliding
[19:59:50] [Render thread/ERROR] (player_animation_library) Could not find animation with the name:movementum:sliding
[19:59:50] [Render thread/ERROR] (player_animation_library) Could not find animation with the name:movementum:sliding
[19:59:50] [Render thread/ERROR] (player_animation_library) Could not find animation with the name:movementum:sliding
[19:59:50] [Render thread/ERROR] (player_animation_library) Could not find animation with the name:movementum:sliding
[19:59:50] [Render thread/ERROR] (player_animation_library) Could not find animation with the name:movementum:sliding
[19:59:50] [Render thread/ERROR] (player_animation_library) Could not find animation with the name:movementum:sliding
[19:59:51] [Render thread/ERROR] (player_animation_library) Could not find animation with the name:movementum:sliding
[19:59:51] [Render thread/ERROR] (player_animation_library) Could not find animation with the name:movementum:sliding
[19:59:51] [Render thread/ERROR] (player_animation_library) Could not find animation with the name:movementum:sliding
[19:59:51] [Render thread/ERROR] (player_animation_library) Could not find animation with the name:movementum:sliding
[19:59:51] [Render thread/ERROR] (player_animation_library) Could not find animation with the name:movementum:sliding
[19:59:51] [Render thread/ERROR] (player_animation_library) Could not find animation with the name:movementum:sliding
[19:59:51] [Render thread/ERROR] (player_animation_library) Could not find animation with the name:movementum:sliding
[19:59:51] [Render thread/ERROR] (player_animation_library) Could not find animation with the name:movementum:sliding
[19:59:51] [Render thread/ERROR] (player_animation_library) Could not find animation with the name:movementum:sliding
[19:59:51] [Render thread/ERROR] (player_animation_library) Could not find animation with the name:movementum:sliding
[19:59:51] [Render thread/ERROR] (player_animation_library) Could not find animation with the name:movementum:sliding
[19:59:51] [Render thread/ERROR] (player_animation_library) Could not find animation with the name:movementum:sliding
[19:59:51] [Render thread/ERROR] (player_animation_library) Could not find animation with the name:movementum:sliding
[19:59:51] [Render thread/ERROR] (player_animation_library) Could not find animation with the name:movementum:sliding
[19:59:51] [Render thread/ERROR] (player_animation_library) Could not find animation with the name:movementum:sliding
[19:59:51] [Render thread/ERROR] (player_animation_library) Could not find animation with the name:movementum:sliding
[19:59:51] [Render thread/ERROR] (player_animation_library) Could not find animation with the name:movementum:sliding
[19:59:51] [Render thread/ERROR] (player_animation_library) Could not find animation with the name:movementum:sliding
[19:59:51] [Render thread/ERROR] (player_animation_library) Could not find animation with the name:movementum:sliding
[19:59:51] [Render thread/ERROR] (player_animation_library) Could not find animation with the name:movementum:sliding
[19:59:56] [Render thread/ERROR] (player_animation_library) Could not find animation with the name:movementum:sliding
[19:59:56] [Render thread/ERROR] (player_animation_library) Could not find animation with the name:movementum:sliding
[19:59:56] [Render thread/ERROR] (player_animation_library) Could not find animation with the name:movementum:sliding
[19:59:57] [Render thread/ERROR] (player_animation_library) Could not find animation with the name:movementum:sliding
[19:59:57] [Render thread/ERROR] (player_animation_library) Could not find animation with the name:movementum:sliding
[19:59:57] [Render thread/ERROR] (player_animation_library) Could not find animation with the name:movementum:sliding
[20:00:00] [Render thread/ERROR] (player_animation_library) Could not find animation with the name:movementum:sliding
[20:00:00] [Render thread/ERROR] (player_animation_library) Could not find animation with the name:movementum:sliding
[20:00:00] [Render thread/ERROR] (player_animation_library) Could not find animation with the name:movementum:sliding
[20:00:00] [Render thread/ERROR] (player_animation_library) Could not find animation with the name:movementum:sliding
[20:00:00] [Render thread/ERROR] (player_animation_library) Could not find animation with the name:movementum:sliding
[20:00:00] [Render thread/ERROR] (player_animation_library) Could not find animation with the name:movementum:sliding
[20:00:00] [Render thread/ERROR] (player_animation_library) Could not find animation with the name:movementum:sliding
[20:00:00] [Render thread/ERROR] (player_animation_library) Could not find animation with the name:movementum:sliding
[20:00:00] [Render thread/ERROR] (player_animation_library) Could not find animation with the name:movementum:sliding
[20:00:00] [Render thread/ERROR] (player_animation_library) Could not find animation with the name:movementum:sliding
[20:00:00] [Render thread/ERROR] (player_animation_library) Could not find animation with the name:movementum:sliding
[20:00:00] [Render thread/ERROR] (player_animation_library) Could not find animation with the name:movementum:sliding
[20:00:01] [Render thread/ERROR] (player_animation_library) Could not find animation with the name:movementum:sliding
[20:00:01] [Render thread/ERROR] (player_animation_library) Could not find animation with the name:movementum:sliding
[20:00:01] [Render thread/ERROR] (player_animation_library) Could not find animation with the name:movementum:sliding
[20:00:01] [Render thread/ERROR] (player_animation_library) Could not find animation with the name:movementum:sliding
[20:00:01] [Render thread/ERROR] (player_animation_library) Could not find animation with the name:movementum:sliding
[20:00:01] [Render thread/ERROR] (player_animation_library) Could not find animation with the name:movementum:sliding
[20:00:01] [Render thread/ERROR] (player_animation_library) Could not find animation with the name:movementum:sliding
[20:00:01] [Render thread/ERROR] (player_animation_library) Could not find animation with the name:movementum:sliding
[20:00:01] [Render thread/ERROR] (player_animation_library) Could not find animation with the name:movementum:sliding
[20:00:01] [Render thread/ERROR] (player_animation_library) Could not find animation with the name:movementum:sliding
[20:00:01] [Render thread/ERROR] (player_animation_library) Could not find animation with the name:movementum:sliding
[20:00:01] [Render thread/ERROR] (player_animation_library) Could not find animation with the name:movementum:sliding
[20:00:01] [Render thread/ERROR] (player_animation_library) Could not find animation with the name:movementum:sliding
[20:00:01] [Render thread/ERROR] (player_animation_library) Could not find animation with the name:movementum:sliding
[20:00:01] [Render thread/ERROR] (player_animation_library) Could not find animation with the name:movementum:sliding
[20:00:01] [Render thread/ERROR] (player_animation_library) Could not find animation with the name:movementum:sliding
[20:00:01] [Render thread/ERROR] (player_animation_library) Could not find animation with the name:movementum:sliding
[20:00:01] [Render thread/ERROR] (player_animation_library) Could not find animation with the name:movementum:sliding
[20:00:01] [Render thread/ERROR] (player_animation_library) Could not find animation with the name:movementum:sliding
[20:00:01] [Render thread/ERROR] (player_animation_library) Could not find animation with the name:movementum:sliding
[20:00:02] [Render thread/ERROR] (player_animation_library) Could not find animation with the name:movementum:sliding
[20:00:02] [Render thread/ERROR] (player_animation_library) Could not find animation with the name:movementum:sliding
[20:00:02] [Render thread/ERROR] (player_animation_library) Could not find animation with the name:movementum:sliding
[20:00:02] [Render thread/ERROR] (player_animation_library) Could not find animation with the name:movementum:sliding
[20:00:02] [Render thread/ERROR] (player_animation_library) Could not find animation with the name:movementum:sliding
[20:00:02] [Render thread/ERROR] (player_animation_library) Could not find animation with the name:movementum:sliding
[20:00:02] [Render thread/ERROR] (player_animation_library) Could not find animation with the name:movementum:sliding
[20:00:02] [Render thread/ERROR] (player_animation_library) Could not find animation with the name:movementum:sliding
[20:00:02] [Render thread/ERROR] (player_animation_library) Could not find animation with the name:movementum:sliding
[20:00:02] [Render thread/ERROR] (player_animation_library) Could not find animation with the name:movementum:sliding
[20:00:02] [Render thread/ERROR] (player_animation_library) Could not find animation with the name:movementum:sliding
[20:00:02] [Render thread/ERROR] (player_animation_library) Could not find animation with the name:movementum:sliding
[20:00:02] [Render thread/ERROR] (player_animation_library) Could not find animation with the name:movementum:sliding
[20:00:02] [Render thread/ERROR] (player_animation_library) Could not find animation with the name:movementum:sliding
[20:00:02] [Render thread/ERROR] (player_animation_library) Could not find animation with the name:movementum:sliding
[20:00:02] [Render thread/ERROR] (player_animation_library) Could not find animation with the name:movementum:sliding
[20:00:02] [Render thread/ERROR] (player_animation_library) Could not find animation with the name:movementum:sliding
[20:00:02] [Render thread/ERROR] (player_animation_library) Could not find animation with the name:movementum:sliding
[20:00:02] [Render thread/ERROR] (player_animation_library) Could not find animation with the name:movementum:sliding
[20:00:02] [Render thread/ERROR] (player_animation_library) Could not find animation with the name:movementum:sliding
[20:00:03] [Render thread/ERROR] (player_animation_library) Could not find animation with the name:movementum:sliding
[20:00:03] [Render thread/ERROR] (player_animation_library) Could not find animation with the name:movementum:sliding
[20:00:03] [Render thread/ERROR] (player_animation_library) Could not find animation with the name:movementum:sliding
[20:00:03] [Render thread/ERROR] (player_animation_library) Could not find animation with the name:movementum:sliding
[20:00:03] [Render thread/ERROR] (player_animation_library) Could not find animation with the name:movementum:sliding
[20:00:03] [Render thread/ERROR] (player_animation_library) Could not find animation with the name:movementum:sliding
[20:00:03] [Render thread/ERROR] (player_animation_library) Could not find animation with the name:movementum:sliding
[20:00:03] [Render thread/ERROR] (player_animation_library) Could not find animation with the name:movementum:sliding
[20:00:03] [Render thread/ERROR] (player_animation_library) Could not find animation with the name:movementum:sliding
[20:00:03] [Render thread/ERROR] (player_animation_library) Could not find animation with the name:movementum:sliding
[20:00:03] [Render thread/ERROR] (player_animation_library) Could not find animation with the name:movementum:sliding
[20:00:03] [Render thread/ERROR] (player_animation_library) Could not find animation with the name:movementum:sliding
[20:00:03] [Render thread/ERROR] (player_animation_library) Could not find animation with the name:movementum:sliding
[20:00:03] [Render thread/ERROR] (player_animation_library) Could not find animation with the name:movementum:sliding
[20:00:03] [Render thread/ERROR] (player_animation_library) Could not find animation with the name:movementum:sliding
[20:00:03] [Render thread/ERROR] (player_animation_library) Could not find animation with the name:movementum:sliding
[20:00:03] [Render thread/ERROR] (player_animation_library) Could not find animation with the name:movementum:sliding
[20:00:03] [Render thread/ERROR] (player_animation_library) Could not find animation with the name:movementum:sliding
[20:00:03] [Render thread/ERROR] (player_animation_library) Could not find animation with the name:movementum:sliding
[20:00:03] [Render thread/ERROR] (player_animation_library) Could not find animation with the name:movementum:sliding
[20:00:04] [Render thread/ERROR] (player_animation_library) Could not find animation with the name:movementum:sliding
[20:00:04] [Render thread/ERROR] (player_animation_library) Could not find animation with the name:movementum:sliding
[20:00:04] [Render thread/ERROR] (player_animation_library) Could not find animation with the name:movementum:sliding
[20:00:04] [Render thread/ERROR] (player_animation_library) Could not find animation with the name:movementum:sliding
[20:00:04] [Render thread/ERROR] (player_animation_library) Could not find animation with the name:movementum:sliding
[20:00:04] [Render thread/ERROR] (player_animation_library) Could not find animation with the name:movementum:sliding
[20:00:04] [Render thread/ERROR] (player_animation_library) Could not find animation with the name:movementum:sliding
[20:00:04] [Render thread/ERROR] (player_animation_library) Could not find animation with the name:movementum:sliding
[20:00:04] [Render thread/ERROR] (player_animation_library) Could not find animation with the name:movementum:sliding
[20:00:04] [Render thread/ERROR] (player_animation_library) Could not find animation with the name:movementum:sliding
[20:00:04] [Render thread/ERROR] (player_animation_library) Could not find animation with the name:movementum:sliding
[20:00:04] [Render thread/ERROR] (player_animation_library) Could not find animation with the name:movementum:sliding
[20:00:04] [Render thread/ERROR] (player_animation_library) Could not find animation with the name:movementum:sliding
[20:00:04] [Render thread/ERROR] (player_animation_library) Could not find animation with the name:movementum:sliding
[20:00:04] [Render thread/ERROR] (player_animation_library) Could not find animation with the name:movementum:sliding
[20:00:04] [Render thread/ERROR] (player_animation_library) Could not find animation with the name:movementum:sliding
[20:00:04] [Render thread/ERROR] (player_animation_library) Could not find animation with the name:movementum:sliding
[20:00:04] [Render thread/ERROR] (player_animation_library) Could not find animation with the name:movementum:sliding
[20:00:04] [Render thread/ERROR] (player_animation_library) Could not find animation with the name:movementum:sliding
[20:00:04] [Render thread/ERROR] (player_animation_library) Could not find animation with the name:movementum:sliding
[20:00:05] [Render thread/ERROR] (player_animation_library) Could not find animation with the name:movementum:sliding
[20:00:05] [Render thread/ERROR] (player_animation_library) Could not find animation with the name:movementum:sliding
[20:00:05] [Render thread/ERROR] (player_animation_library) Could not find animation with the name:movementum:sliding
[20:00:05] [Render thread/ERROR] (player_animation_library) Could not find animation with the name:movementum:sliding
[20:00:05] [Render thread/ERROR] (player_animation_library) Could not find animation with the name:movementum:sliding
[20:00:05] [Render thread/ERROR] (player_animation_library) Could not find animation with the name:movementum:sliding
[20:00:05] [Render thread/ERROR] (player_animation_library) Could not find animation with the name:movementum:sliding
[20:00:05] [Render thread/ERROR] (player_animation_library) Could not find animation with the name:movementum:sliding
[20:00:05] [Render thread/ERROR] (player_animation_library) Could not find animation with the name:movementum:sliding
[20:00:05] [Render thread/ERROR] (player_animation_library) Could not find animation with the name:movementum:sliding
[20:00:05] [Render thread/ERROR] (player_animation_library) Could not find animation with the name:movementum:sliding
[20:00:05] [Render thread/ERROR] (player_animation_library) Could not find animation with the name:movementum:sliding
[20:00:08] [Render thread/INFO] (Minecraft) [System] [CHAT] Monsters cannot be summoned in Peaceful difficulty
[20:00:10] [Server thread/INFO] (Minecraft) Saving and pausing game...
[20:00:10] [Server thread/INFO] (Minecraft) Saving chunks for level 'ServerLevel[New World]'/minecraft:overworld
[20:00:10] [Server thread/INFO] (Minecraft) Saving chunks for level 'ServerLevel[New World]'/minecraft:the_end
[20:00:10] [Server thread/INFO] (Minecraft) Saving chunks for level 'ServerLevel[New World]'/minecraft:the_nether
[20:00:13] [Server thread/INFO] (Minecraft) Saving and pausing game...
[20:00:13] [Server thread/INFO] (Minecraft) Saving chunks for level 'ServerLevel[New World]'/minecraft:overworld
[20:00:13] [Server thread/INFO] (Minecraft) Saving chunks for level 'ServerLevel[New World]'/minecraft:the_end
[20:00:13] [Server thread/INFO] (Minecraft) Saving chunks for level 'ServerLevel[New World]'/minecraft:the_nether
[20:00:15] [Server thread/INFO] (Minecraft) [Player6: Summoned new Warden]
[20:00:15] [Render thread/INFO] (Minecraft) [System] [CHAT] Summoned new Warden
[20:00:17] [Render thread/ERROR] (player_animation_library) Could not find animation with the name:movementum:sliding
[20:00:17] [Render thread/ERROR] (player_animation_library) Could not find animation with the name:movementum:sliding
[20:00:17] [Render thread/ERROR] (player_animation_library) Could not find animation with the name:movementum:sliding
[20:00:17] [Render thread/ERROR] (player_animation_library) Could not find animation with the name:movementum:sliding
[20:00:17] [Render thread/ERROR] (player_animation_library) Could not find animation with the name:movementum:sliding
[20:00:17] [Render thread/ERROR] (player_animation_library) Could not find animation with the name:movementum:sliding
[20:00:17] [Render thread/ERROR] (player_animation_library) Could not find animation with the name:movementum:sliding
[20:00:17] [Render thread/ERROR] (player_animation_library) Could not find animation with the name:movementum:sliding
[20:00:17] [Render thread/ERROR] (player_animation_library) Could not find animation with the name:movementum:sliding
[20:00:17] [Render thread/ERROR] (player_animation_library) Could not find animation with the name:movementum:sliding
[20:00:17] [Render thread/ERROR] (player_animation_library) Could not find animation with the name:movementum:sliding
[20:00:17] [Render thread/ERROR] (player_animation_library) Could not find animation with the name:movementum:sliding
[20:00:17] [Render thread/ERROR] (player_animation_library) Could not find animation with the name:movementum:sliding
[20:00:17] [Render thread/ERROR] (player_animation_library) Could not find animation with the name:movementum:sliding
[20:00:17] [Render thread/ERROR] (player_animation_library) Could not find animation with the name:movementum:sliding
[20:00:17] [Render thread/ERROR] (player_animation_library) Could not find animation with the name:movementum:sliding
[20:00:17] [Render thread/ERROR] (player_animation_library) Could not find animation with the name:movementum:sliding
[20:00:17] [Render thread/ERROR] (player_animation_library) Could not find animation with the name:movementum:sliding
[20:00:17] [Render thread/ERROR] (player_animation_library) Could not find animation with the name:movementum:sliding
[20:00:18] [Render thread/ERROR] (player_animation_library) Could not find animation with the name:movementum:sliding
[20:00:18] [Render thread/ERROR] (player_animation_library) Could not find animation with the name:movementum:sliding
[20:00:18] [Render thread/ERROR] (player_animation_library) Could not find animation with the name:movementum:sliding
[20:00:18] [Render thread/ERROR] (player_animation_library) Could not find animation with the name:movementum:sliding
[20:00:18] [Render thread/ERROR] (player_animation_library) Could not find animation with the name:movementum:sliding
[20:00:18] [Render thread/ERROR] (player_animation_library) Could not find animation with the name:movementum:sliding
[20:00:18] [Render thread/ERROR] (player_animation_library) Could not find animation with the name:movementum:sliding
[20:00:18] [Render thread/ERROR] (player_animation_library) Could not find animation with the name:movementum:sliding
[20:00:18] [Render thread/ERROR] (player_animation_library) Could not find animation with the name:movementum:sliding
[20:00:18] [Render thread/ERROR] (player_animation_library) Could not find animation with the name:movementum:sliding
[20:00:18] [Render thread/ERROR] (player_animation_library) Could not find animation with the name:movementum:sliding
[20:00:18] [Render thread/ERROR] (player_animation_library) Could not find animation with the name:movementum:sliding
[20:00:18] [Render thread/ERROR] (player_animation_library) Could not find animation with the name:movementum:sliding
[20:00:18] [Render thread/ERROR] (player_animation_library) Could not find animation with the name:movementum:sliding
[20:00:18] [Render thread/ERROR] (player_animation_library) Could not find animation with the name:movementum:sliding
[20:00:18] [Render thread/ERROR] (player_animation_library) Could not find animation with the name:movementum:sliding
[20:00:18] [Render thread/ERROR] (player_animation_library) Could not find animation with the name:movementum:sliding
[20:00:18] [Render thread/ERROR] (player_animation_library) Could not find animation with the name:movementum:sliding
[20:00:18] [Render thread/ERROR] (player_animation_library) Could not find animation with the name:movementum:sliding
[20:00:18] [Render thread/ERROR] (player_animation_library) Could not find animation with the name:movementum:sliding
[20:00:19] [Render thread/ERROR] (player_animation_library) Could not find animation with the name:movementum:sliding
[20:00:19] [Render thread/ERROR] (player_animation_library) Could not find animation with the name:movementum:sliding
[20:00:19] [Render thread/ERROR] (player_animation_library) Could not find animation with the name:movementum:sliding
[20:00:19] [Render thread/ERROR] (player_animation_library) Could not find animation with the name:movementum:sliding
[20:00:19] [Render thread/ERROR] (player_animation_library) Could not find animation with the name:movementum:sliding
[20:00:19] [Render thread/ERROR] (player_animation_library) Could not find animation with the name:movementum:sliding
[20:00:19] [Render thread/ERROR] (player_animation_library) Could not find animation with the name:movementum:sliding
[20:00:19] [Render thread/ERROR] (player_animation_library) Could not find animation with the name:movementum:sliding
[20:00:19] [Render thread/ERROR] (player_animation_library) Could not find animation with the name:movementum:sliding
[20:00:19] [Render thread/ERROR] (player_animation_library) Could not find animation with the name:movementum:sliding
[20:00:19] [Render thread/ERROR] (player_animation_library) Could not find animation with the name:movementum:sliding
[20:00:19] [Render thread/ERROR] (player_animation_library) Could not find animation with the name:movementum:sliding
[20:00:19] [Render thread/ERROR] (player_animation_library) Could not find animation with the name:movementum:sliding
[20:00:19] [Render thread/ERROR] (player_animation_library) Could not find animation with the name:movementum:sliding
[20:00:19] [Render thread/ERROR] (player_animation_library) Could not find animation with the name:movementum:sliding
[20:00:19] [Render thread/ERROR] (player_animation_library) Could not find animation with the name:movementum:sliding
[20:00:19] [Render thread/ERROR] (player_animation_library) Could not find animation with the name:movementum:sliding
[20:00:19] [Render thread/ERROR] (player_animation_library) Could not find animation with the name:movementum:sliding
[20:00:19] [Render thread/ERROR] (player_animation_library) Could not find animation with the name:movementum:sliding
[20:00:19] [Render thread/ERROR] (player_animation_library) Could not find animation with the name:movementum:sliding
[20:00:20] [Render thread/ERROR] (player_animation_library) Could not find animation with the name:movementum:sliding
[20:00:20] [Render thread/ERROR] (player_animation_library) Could not find animation with the name:movementum:sliding
[20:00:20] [Render thread/ERROR] (player_animation_library) Could not find animation with the name:movementum:sliding
[20:00:20] [Render thread/ERROR] (player_animation_library) Could not find animation with the name:movementum:sliding
[20:00:20] [Render thread/ERROR] (player_animation_library) Could not find animation with the name:movementum:sliding
[20:00:20] [Render thread/ERROR] (player_animation_library) Could not find animation with the name:movementum:sliding
[20:00:20] [Render thread/ERROR] (player_animation_library) Could not find animation with the name:movementum:sliding
[20:00:20] [Render thread/ERROR] (player_animation_library) Could not find animation with the name:movementum:sliding
[20:00:20] [Render thread/ERROR] (player_animation_library) Could not find animation with the name:movementum:sliding
[20:00:20] [Render thread/ERROR] (player_animation_library) Could not find animation with the name:movementum:sliding
[20:00:20] [Render thread/ERROR] (player_animation_library) Could not find animation with the name:movementum:sliding
[20:00:20] [Render thread/ERROR] (player_animation_library) Could not find animation with the name:movementum:sliding
[20:00:20] [Render thread/ERROR] (player_animation_library) Could not find animation with the name:movementum:sliding
[20:00:20] [Render thread/ERROR] (player_animation_library) Could not find animation with the name:movementum:sliding
[20:00:20] [Render thread/ERROR] (player_animation_library) Could not find animation with the name:movementum:sliding
[20:00:20] [Render thread/ERROR] (player_animation_library) Could not find animation with the name:movementum:sliding
[20:00:20] [Render thread/ERROR] (player_animation_library) Could not find animation with the name:movementum:sliding
[20:00:20] [Render thread/ERROR] (player_animation_library) Could not find animation with the name:movementum:sliding
[20:00:20] [Render thread/ERROR] (player_animation_library) Could not find animation with the name:movementum:sliding
[20:00:20] [Render thread/ERROR] (player_animation_library) Could not find animation with the name:movementum:sliding
[20:00:21] [Render thread/ERROR] (player_animation_library) Could not find animation with the name:movementum:sliding
[20:00:21] [Render thread/ERROR] (player_animation_library) Could not find animation with the name:movementum:sliding
[20:00:21] [Render thread/ERROR] (player_animation_library) Could not find animation with the name:movementum:sliding
[20:00:21] [Render thread/ERROR] (player_animation_library) Could not find animation with the name:movementum:sliding
[20:00:21] [Render thread/ERROR] (player_animation_library) Could not find animation with the name:movementum:sliding
[20:00:21] [Render thread/ERROR] (player_animation_library) Could not find animation with the name:movementum:sliding
[20:00:21] [Render thread/ERROR] (player_animation_library) Could not find animation with the name:movementum:sliding
[20:00:21] [Render thread/ERROR] (player_animation_library) Could not find animation with the name:movementum:sliding
[20:00:21] [Render thread/ERROR] (player_animation_library) Could not find animation with the name:movementum:sliding
[20:00:21] [Render thread/ERROR] (player_animation_library) Could not find animation with the name:movementum:sliding
[20:00:21] [Render thread/ERROR] (player_animation_library) Could not find animation with the name:movementum:sliding
[20:00:21] [Render thread/ERROR] (player_animation_library) Could not find animation with the name:movementum:sliding
[20:00:21] [Render thread/ERROR] (player_animation_library) Could not find animation with the name:movementum:sliding
[20:00:21] [Render thread/ERROR] (player_animation_library) Could not find animation with the name:movementum:sliding
[20:00:21] [Render thread/ERROR] (player_animation_library) Could not find animation with the name:movementum:sliding
[20:00:21] [Render thread/ERROR] (player_animation_library) Could not find animation with the name:movementum:sliding
[20:00:21] [Render thread/ERROR] (player_animation_library) Could not find animation with the name:movementum:sliding
[20:00:21] [Render thread/ERROR] (player_animation_library) Could not find animation with the name:movementum:sliding
[20:00:21] [Render thread/ERROR] (player_animation_library) Could not find animation with the name:movementum:sliding
[20:00:21] [Render thread/ERROR] (player_animation_library) Could not find animation with the name:movementum:sliding
[20:00:22] [Render thread/ERROR] (player_animation_library) Could not find animation with the name:movementum:sliding
[20:00:22] [Render thread/ERROR] (player_animation_library) Could not find animation with the name:movementum:sliding
[20:00:22] [Render thread/ERROR] (player_animation_library) Could not find animation with the name:movementum:sliding
[20:00:22] [Render thread/ERROR] (player_animation_library) Could not find animation with the name:movementum:sliding
[20:00:22] [Render thread/ERROR] (player_animation_library) Could not find animation with the name:movementum:sliding
[20:00:22] [Render thread/ERROR] (player_animation_library) Could not find animation with the name:movementum:sliding
[20:00:22] [Render thread/ERROR] (player_animation_library) Could not find animation with the name:movementum:sliding
[20:00:22] [Render thread/ERROR] (player_animation_library) Could not find animation with the name:movementum:sliding
[20:00:22] [Render thread/ERROR] (player_animation_library) Could not find animation with the name:movementum:sliding
[20:00:22] [Render thread/ERROR] (player_animation_library) Could not find animation with the name:movementum:sliding
[20:00:22] [Render thread/ERROR] (player_animation_library) Could not find animation with the name:movementum:sliding
[20:00:22] [Render thread/ERROR] (player_animation_library) Could not find animation with the name:movementum:sliding
[20:00:22] [Render thread/ERROR] (player_animation_library) Could not find animation with the name:movementum:sliding
[20:00:22] [Render thread/ERROR] (player_animation_library) Could not find animation with the name:movementum:sliding
[20:00:22] [Render thread/ERROR] (player_animation_library) Could not find animation with the name:movementum:sliding
[20:00:22] [Render thread/ERROR] (player_animation_library) Could not find animation with the name:movementum:sliding
[20:00:22] [Render thread/ERROR] (player_animation_library) Could not find animation with the name:movementum:sliding
[20:00:22] [Render thread/ERROR] (player_animation_library) Could not find animation with the name:movementum:sliding
[20:00:22] [Render thread/ERROR] (player_animation_library) Could not find animation with the name:movementum:sliding
[20:00:22] [Render thread/ERROR] (player_animation_library) Could not find animation with the name:movementum:sliding
[20:00:26] [Render thread/ERROR] (player_animation_library) Could not find animation with the name:movementum:sliding
[20:00:26] [Render thread/ERROR] (player_animation_library) Could not find animation with the name:movementum:sliding
[20:00:26] [Render thread/ERROR] (player_animation_library) Could not find animation with the name:movementum:sliding
[20:00:26] [Render thread/ERROR] (player_animation_library) Could not find animation with the name:movementum:sliding
[20:00:26] [Render thread/ERROR] (player_animation_library) Could not find animation with the name:movementum:sliding
[20:00:26] [Render thread/ERROR] (player_animation_library) Could not find animation with the name:movementum:sliding
[20:00:26] [Render thread/ERROR] (player_animation_library) Could not find animation with the name:movementum:sliding
[20:00:26] [Render thread/ERROR] (player_animation_library) Could not find animation with the name:movementum:sliding
[20:00:26] [Render thread/ERROR] (player_animation_library) Could not find animation with the name:movementum:sliding
[20:00:26] [Render thread/ERROR] (player_animation_library) Could not find animation with the name:movementum:sliding
[20:00:26] [Render thread/ERROR] (player_animation_library) Could not find animation with the name:movementum:sliding
[20:00:26] [Render thread/ERROR] (player_animation_library) Could not find animation with the name:movementum:sliding
[20:00:26] [Render thread/ERROR] (player_animation_library) Could not find animation with the name:movementum:sliding
[20:00:26] [Render thread/ERROR] (player_animation_library) Could not find animation with the name:movementum:sliding
[20:00:26] [Render thread/ERROR] (player_animation_library) Could not find animation with the name:movementum:sliding
[20:00:26] [Render thread/ERROR] (player_animation_library) Could not find animation with the name:movementum:sliding
[20:00:27] [Render thread/ERROR] (player_animation_library) Could not find animation with the name:movementum:sliding
[20:00:27] [Render thread/ERROR] (player_animation_library) Could not find animation with the name:movementum:sliding
[20:00:27] [Render thread/ERROR] (player_animation_library) Could not find animation with the name:movementum:sliding
[20:00:27] [Render thread/ERROR] (player_animation_library) Could not find animation with the name:movementum:sliding
[20:00:27] [Render thread/ERROR] (player_animation_library) Could not find animation with the name:movementum:sliding
[20:00:27] [Render thread/ERROR] (player_animation_library) Could not find animation with the name:movementum:sliding
[20:00:27] [Render thread/ERROR] (player_animation_library) Could not find animation with the name:movementum:sliding
[20:00:27] [Render thread/ERROR] (player_animation_library) Could not find animation with the name:movementum:sliding
[20:00:27] [Render thread/ERROR] (player_animation_library) Could not find animation with the name:movementum:sliding
[20:00:27] [Render thread/ERROR] (player_animation_library) Could not find animation with the name:movementum:sliding
[20:00:27] [Render thread/ERROR] (player_animation_library) Could not find animation with the name:movementum:sliding
[20:00:27] [Render thread/ERROR] (player_animation_library) Could not find animation with the name:movementum:sliding
[20:00:27] [Render thread/ERROR] (player_animation_library) Could not find animation with the name:movementum:sliding
[20:00:27] [Render thread/ERROR] (player_animation_library) Could not find animation with the name:movementum:sliding
[20:00:27] [Render thread/ERROR] (player_animation_library) Could not find animation with the name:movementum:sliding
[20:00:27] [Render thread/ERROR] (player_animation_library) Could not find animation with the name:movementum:sliding
[20:00:27] [Render thread/ERROR] (player_animation_library) Could not find animation with the name:movementum:sliding
[20:00:27] [Render thread/ERROR] (player_animation_library) Could not find animation with the name:movementum:sliding
[20:00:27] [Render thread/ERROR] (player_animation_library) Could not find animation with the name:movementum:sliding
[20:00:27] [Render thread/ERROR] (player_animation_library) Could not find animation with the name:movementum:sliding
[20:00:28] [Render thread/ERROR] (player_animation_library) Could not find animation with the name:movementum:sliding
[20:00:28] [Render thread/ERROR] (player_animation_library) Could not find animation with the name:movementum:sliding
[20:00:28] [Render thread/ERROR] (player_animation_library) Could not find animation with the name:movementum:sliding
[20:00:28] [Render thread/ERROR] (player_animation_library) Could not find animation with the name:movementum:sliding
[20:00:28] [Render thread/ERROR] (player_animation_library) Could not find animation with the name:movementum:sliding
[20:00:28] [Render thread/ERROR] (player_animation_library) Could not find animation with the name:movementum:sliding
[20:00:28] [Render thread/ERROR] (player_animation_library) Could not find animation with the name:movementum:sliding
[20:00:28] [Render thread/ERROR] (player_animation_library) Could not find animation with the name:movementum:sliding
[20:00:28] [Render thread/ERROR] (player_animation_library) Could not find animation with the name:movementum:sliding
[20:00:28] [Render thread/ERROR] (player_animation_library) Could not find animation with the name:movementum:sliding
[20:00:28] [Render thread/ERROR] (player_animation_library) Could not find animation with the name:movementum:sliding
[20:00:28] [Render thread/ERROR] (player_animation_library) Could not find animation with the name:movementum:sliding
[20:00:31] [Render thread/ERROR] (player_animation_library) Could not find animation with the name:movementum:sliding
[20:00:31] [Render thread/ERROR] (player_animation_library) Could not find animation with the name:movementum:sliding
[20:00:31] [Render thread/ERROR] (player_animation_library) Could not find animation with the name:movementum:sliding
[20:00:31] [Render thread/ERROR] (player_animation_library) Could not find animation with the name:movementum:sliding
[20:00:32] [Render thread/ERROR] (player_animation_library) Could not find animation with the name:movementum:sliding
[20:00:32] [Render thread/ERROR] (player_animation_library) Could not find animation with the name:movementum:sliding
[20:00:32] [Render thread/ERROR] (player_animation_library) Could not find animation with the name:movementum:sliding
[20:00:32] [Render thread/ERROR] (player_animation_library) Could not find animation with the name:movementum:sliding
[20:00:32] [Render thread/ERROR] (player_animation_library) Could not find animation with the name:movementum:sliding
[20:00:32] [Render thread/ERROR] (player_animation_library) Could not find animation with the name:movementum:sliding
[20:00:32] [Render thread/ERROR] (player_animation_library) Could not find animation with the name:movementum:sliding
[20:00:32] [Render thread/ERROR] (player_animation_library) Could not find animation with the name:movementum:sliding
[20:00:32] [Render thread/ERROR] (player_animation_library) Could not find animation with the name:movementum:sliding
[20:00:32] [Render thread/ERROR] (player_animation_library) Could not find animation with the name:movementum:sliding
[20:00:32] [Render thread/ERROR] (player_animation_library) Could not find animation with the name:movementum:sliding
[20:00:32] [Render thread/ERROR] (player_animation_library) Could not find animation with the name:movementum:sliding
[20:00:32] [Render thread/ERROR] (player_animation_library) Could not find animation with the name:movementum:sliding
[20:00:32] [Render thread/ERROR] (player_animation_library) Could not find animation with the name:movementum:sliding
[20:00:32] [Render thread/ERROR] (player_animation_library) Could not find animation with the name:movementum:sliding
[20:00:32] [Render thread/ERROR] (player_animation_library) Could not find animation with the name:movementum:sliding
[20:00:32] [Render thread/ERROR] (player_animation_library) Could not find animation with the name:movementum:sliding
[20:00:32] [Render thread/ERROR] (player_animation_library) Could not find animation with the name:movementum:sliding
[20:00:32] [Render thread/ERROR] (player_animation_library) Could not find animation with the name:movementum:sliding
[20:00:32] [Render thread/ERROR] (player_animation_library) Could not find animation with the name:movementum:sliding
[20:00:33] [Render thread/ERROR] (player_animation_library) Could not find animation with the name:movementum:sliding
[20:00:33] [Render thread/ERROR] (player_animation_library) Could not find animation with the name:movementum:sliding
[20:00:33] [Render thread/ERROR] (player_animation_library) Could not find animation with the name:movementum:sliding
[20:00:33] [Render thread/ERROR] (player_animation_library) Could not find animation with the name:movementum:sliding
[20:00:33] [Render thread/ERROR] (player_animation_library) Could not find animation with the name:movementum:sliding
[20:00:33] [Render thread/ERROR] (player_animation_library) Could not find animation with the name:movementum:sliding
[20:00:33] [Render thread/ERROR] (player_animation_library) Could not find animation with the name:movementum:sliding
[20:00:33] [Render thread/ERROR] (player_animation_library) Could not find animation with the name:movementum:sliding
[20:00:33] [Render thread/ERROR] (player_animation_library) Could not find animation with the name:movementum:sliding
[20:00:33] [Render thread/ERROR] (player_animation_library) Could not find animation with the name:movementum:sliding
[20:00:33] [Render thread/ERROR] (player_animation_library) Could not find animation with the name:movementum:sliding
[20:00:33] [Render thread/ERROR] (player_animation_library) Could not find animation with the name:movementum:sliding
[20:00:33] [Render thread/ERROR] (player_animation_library) Could not find animation with the name:movementum:sliding
[20:00:33] [Render thread/ERROR] (player_animation_library) Could not find animation with the name:movementum:sliding
[20:00:33] [Render thread/ERROR] (player_animation_library) Could not find animation with the name:movementum:sliding
[20:00:33] [Render thread/ERROR] (player_animation_library) Could not find animation with the name:movementum:sliding
[20:00:33] [Render thread/ERROR] (player_animation_library) Could not find animation with the name:movementum:sliding
[20:00:33] [Render thread/ERROR] (player_animation_library) Could not find animation with the name:movementum:sliding
[20:00:33] [Render thread/ERROR] (player_animation_library) Could not find animation with the name:movementum:sliding
[20:00:33] [Render thread/ERROR] (player_animation_library) Could not find animation with the name:movementum:sliding
[20:00:34] [Render thread/ERROR] (player_animation_library) Could not find animation with the name:movementum:sliding
[20:00:34] [Render thread/ERROR] (player_animation_library) Could not find animation with the name:movementum:sliding
[20:00:43] [Render thread/ERROR] (player_animation_library) Could not find animation with the name:movementum:sliding
[20:00:44] [Render thread/ERROR] (player_animation_library) Could not find animation with the name:movementum:sliding
[20:00:44] [Render thread/ERROR] (player_animation_library) Could not find animation with the name:movementum:sliding
[20:00:44] [Render thread/ERROR] (player_animation_library) Could not find animation with the name:movementum:sliding
[20:00:44] [Render thread/ERROR] (player_animation_library) Could not find animation with the name:movementum:sliding
[20:00:44] [Render thread/ERROR] (player_animation_library) Could not find animation with the name:movementum:sliding
[20:00:44] [Render thread/ERROR] (player_animation_library) Could not find animation with the name:movementum:sliding
[20:00:44] [Render thread/ERROR] (player_animation_library) Could not find animation with the name:movementum:sliding
[20:00:44] [Render thread/ERROR] (player_animation_library) Could not find animation with the name:movementum:sliding
[20:00:44] [Render thread/ERROR] (player_animation_library) Could not find animation with the name:movementum:sliding
[20:00:44] [Render thread/ERROR] (player_animation_library) Could not find animation with the name:movementum:sliding
[20:00:44] [Render thread/ERROR] (player_animation_library) Could not find animation with the name:movementum:sliding
[20:00:44] [Render thread/ERROR] (player_animation_library) Could not find animation with the name:movementum:sliding
[20:00:44] [Render thread/ERROR] (player_animation_library) Could not find animation with the name:movementum:sliding
[20:00:44] [Render thread/ERROR] (player_animation_library) Could not find animation with the name:movementum:sliding
[20:00:44] [Render thread/ERROR] (player_animation_library) Could not find animation with the name:movementum:sliding
[20:00:44] [Render thread/ERROR] (player_animation_library) Could not find animation with the name:movementum:sliding
[20:00:44] [Render thread/ERROR] (player_animation_library) Could not find animation with the name:movementum:sliding
[20:00:44] [Render thread/ERROR] (player_animation_library) Could not find animation with the name:movementum:sliding
[20:00:44] [Render thread/ERROR] (player_animation_library) Could not find animation with the name:movementum:sliding
[20:00:44] [Render thread/ERROR] (player_animation_library) Could not find animation with the name:movementum:sliding
[20:00:45] [Render thread/ERROR] (player_animation_library) Could not find animation with the name:movementum:sliding
[20:00:45] [Render thread/ERROR] (player_animation_library) Could not find animation with the name:movementum:sliding
[20:00:45] [Render thread/ERROR] (player_animation_library) Could not find animation with the name:movementum:sliding
[20:00:45] [Render thread/ERROR] (player_animation_library) Could not find animation with the name:movementum:sliding
[20:00:45] [Render thread/ERROR] (player_animation_library) Could not find animation with the name:movementum:sliding
[20:00:45] [Render thread/ERROR] (player_animation_library) Could not find animation with the name:movementum:sliding
[20:00:45] [Render thread/ERROR] (player_animation_library) Could not find animation with the name:movementum:sliding
[20:00:45] [Render thread/ERROR] (player_animation_library) Could not find animation with the name:movementum:sliding
[20:00:45] [Render thread/ERROR] (player_animation_library) Could not find animation with the name:movementum:sliding
[20:00:45] [Render thread/ERROR] (player_animation_library) Could not find animation with the name:movementum:sliding
[20:00:45] [Render thread/ERROR] (player_animation_library) Could not find animation with the name:movementum:sliding
[20:00:45] [Render thread/ERROR] (player_animation_library) Could not find animation with the name:movementum:sliding
[20:00:45] [Render thread/ERROR] (player_animation_library) Could not find animation with the name:movementum:sliding
[20:00:45] [Render thread/ERROR] (player_animation_library) Could not find animation with the name:movementum:sliding
[20:00:45] [Render thread/ERROR] (player_animation_library) Could not find animation with the name:movementum:sliding
[20:00:45] [Render thread/ERROR] (player_animation_library) Could not find animation with the name:movementum:sliding
[20:00:45] [Render thread/ERROR] (player_animation_library) Could not find animation with the name:movementum:sliding
[20:00:45] [Render thread/ERROR] (player_animation_library) Could not find animation with the name:movementum:sliding
[20:00:45] [Render thread/ERROR] (player_animation_library) Could not find animation with the name:movementum:sliding
[20:00:45] [Render thread/ERROR] (player_animation_library) Could not find animation with the name:movementum:sliding
[20:00:46] [Render thread/ERROR] (player_animation_library) Could not find animation with the name:movementum:sliding
[20:00:46] [Render thread/ERROR] (player_animation_library) Could not find animation with the name:movementum:sliding
[20:00:46] [Render thread/ERROR] (player_animation_library) Could not find animation with the name:movementum:sliding
[20:00:46] [Render thread/ERROR] (player_animation_library) Could not find animation with the name:movementum:sliding
[20:00:46] [Render thread/ERROR] (player_animation_library) Could not find animation with the name:movementum:sliding
[20:00:46] [Render thread/ERROR] (player_animation_library) Could not find animation with the name:movementum:sliding
[20:00:46] [Render thread/ERROR] (player_animation_library) Could not find animation with the name:movementum:sliding
[20:00:46] [Render thread/ERROR] (player_animation_library) Could not find animation with the name:movementum:sliding
[20:00:46] [Render thread/ERROR] (player_animation_library) Could not find animation with the name:movementum:sliding
[20:00:46] [Render thread/ERROR] (player_animation_library) Could not find animation with the name:movementum:sliding
[20:00:46] [Render thread/ERROR] (player_animation_library) Could not find animation with the name:movementum:sliding
[20:00:46] [Render thread/ERROR] (player_animation_library) Could not find animation with the name:movementum:sliding
[20:00:46] [Render thread/ERROR] (player_animation_library) Could not find animation with the name:movementum:sliding
[20:00:46] [Render thread/ERROR] (player_animation_library) Could not find animation with the name:movementum:sliding
[20:00:46] [Render thread/ERROR] (player_animation_library) Could not find animation with the name:movementum:sliding
[20:00:46] [Render thread/ERROR] (player_animation_library) Could not find animation with the name:movementum:sliding
[20:00:46] [Render thread/ERROR] (player_animation_library) Could not find animation with the name:movementum:sliding
[20:00:46] [Render thread/ERROR] (player_animation_library) Could not find animation with the name:movementum:sliding
[20:00:46] [Render thread/ERROR] (player_animation_library) Could not find animation with the name:movementum:sliding
[20:00:46] [Render thread/ERROR] (player_animation_library) Could not find animation with the name:movementum:sliding
[20:00:47] [Render thread/ERROR] (player_animation_library) Could not find animation with the name:movementum:sliding
[20:00:47] [Render thread/ERROR] (player_animation_library) Could not find animation with the name:movementum:sliding
[20:00:47] [Render thread/ERROR] (player_animation_library) Could not find animation with the name:movementum:sliding
[20:00:47] [Render thread/ERROR] (player_animation_library) Could not find animation with the name:movementum:sliding
[20:00:47] [Render thread/ERROR] (player_animation_library) Could not find animation with the name:movementum:sliding
[20:00:47] [Render thread/ERROR] (player_animation_library) Could not find animation with the name:movementum:sliding
[20:00:47] [Render thread/ERROR] (player_animation_library) Could not find animation with the name:movementum:sliding
[20:00:47] [Render thread/ERROR] (player_animation_library) Could not find animation with the name:movementum:sliding
[20:00:47] [Render thread/ERROR] (player_animation_library) Could not find animation with the name:movementum:sliding
[20:00:47] [Render thread/ERROR] (player_animation_library) Could not find animation with the name:movementum:sliding
[20:00:47] [Render thread/ERROR] (player_animation_library) Could not find animation with the name:movementum:sliding
[20:00:47] [Render thread/ERROR] (player_animation_library) Could not find animation with the name:movementum:sliding
[20:00:47] [Render thread/ERROR] (player_animation_library) Could not find animation with the name:movementum:sliding
[20:00:47] [Render thread/ERROR] (player_animation_library) Could not find animation with the name:movementum:sliding
[20:00:47] [Render thread/ERROR] (player_animation_library) Could not find animation with the name:movementum:sliding
[20:00:47] [Render thread/ERROR] (player_animation_library) Could not find animation with the name:movementum:sliding
[20:00:47] [Render thread/ERROR] (player_animation_library) Could not find animation with the name:movementum:sliding
[20:00:47] [Render thread/ERROR] (player_animation_library) Could not find animation with the name:movementum:sliding
[20:00:47] [Render thread/ERROR] (player_animation_library) Could not find animation with the name:movementum:sliding
[20:00:47] [Render thread/ERROR] (player_animation_library) Could not find animation with the name:movementum:sliding
[20:00:48] [Render thread/ERROR] (player_animation_library) Could not find animation with the name:movementum:sliding
[20:00:48] [Render thread/ERROR] (player_animation_library) Could not find animation with the name:movementum:sliding
[20:00:48] [Render thread/ERROR] (player_animation_library) Could not find animation with the name:movementum:sliding
[20:00:48] [Render thread/ERROR] (player_animation_library) Could not find animation with the name:movementum:sliding
[20:00:48] [Render thread/ERROR] (player_animation_library) Could not find animation with the name:movementum:sliding
[20:00:48] [Render thread/ERROR] (player_animation_library) Could not find animation with the name:movementum:sliding
[20:00:48] [Render thread/ERROR] (player_animation_library) Could not find animation with the name:movementum:sliding
[20:00:48] [Render thread/ERROR] (player_animation_library) Could not find animation with the name:movementum:sliding
[20:00:48] [Render thread/ERROR] (player_animation_library) Could not find animation with the name:movementum:sliding
[20:00:48] [Render thread/ERROR] (player_animation_library) Could not find animation with the name:movementum:sliding
[20:00:48] [Render thread/ERROR] (player_animation_library) Could not find animation with the name:movementum:sliding
[20:00:48] [Render thread/ERROR] (player_animation_library) Could not find animation with the name:movementum:sliding
[20:00:48] [Render thread/ERROR] (player_animation_library) Could not find animation with the name:movementum:sliding
[20:00:48] [Render thread/ERROR] (player_animation_library) Could not find animation with the name:movementum:sliding
[20:00:48] [Render thread/ERROR] (player_animation_library) Could not find animation with the name:movementum:sliding
[20:00:48] [Render thread/ERROR] (player_animation_library) Could not find animation with the name:movementum:sliding
[20:00:48] [Render thread/ERROR] (player_animation_library) Could not find animation with the name:movementum:sliding
[20:00:48] [Render thread/ERROR] (player_animation_library) Could not find animation with the name:movementum:sliding
[20:00:48] [Render thread/ERROR] (player_animation_library) Could not find animation with the name:movementum:sliding
[20:00:48] [Render thread/ERROR] (player_animation_library) Could not find animation with the name:movementum:sliding
[20:00:49] [Render thread/ERROR] (player_animation_library) Could not find animation with the name:movementum:sliding
[20:00:49] [Render thread/ERROR] (player_animation_library) Could not find animation with the name:movementum:sliding
[20:00:49] [Render thread/ERROR] (player_animation_library) Could not find animation with the name:movementum:sliding
[20:00:49] [Render thread/ERROR] (player_animation_library) Could not find animation with the name:movementum:sliding
[20:00:49] [Render thread/ERROR] (player_animation_library) Could not find animation with the name:movementum:sliding
[20:00:49] [Render thread/ERROR] (player_animation_library) Could not find animation with the name:movementum:sliding
[20:00:49] [Render thread/ERROR] (player_animation_library) Could not find animation with the name:movementum:sliding
[20:00:49] [Render thread/ERROR] (player_animation_library) Could not find animation with the name:movementum:sliding
[20:00:49] [Render thread/ERROR] (player_animation_library) Could not find animation with the name:movementum:sliding
[20:00:49] [Render thread/ERROR] (player_animation_library) Could not find animation with the name:movementum:sliding
[20:00:49] [Render thread/ERROR] (player_animation_library) Could not find animation with the name:movementum:sliding
[20:00:52] [Render thread/ERROR] (player_animation_library) Could not find animation with the name:movementum:sliding
[20:00:52] [Render thread/ERROR] (player_animation_library) Could not find animation with the name:movementum:sliding
[20:00:52] [Render thread/ERROR] (player_animation_library) Could not find animation with the name:movementum:sliding
[20:00:52] [Render thread/ERROR] (player_animation_library) Could not find animation with the name:movementum:sliding
[20:00:52] [Render thread/ERROR] (player_animation_library) Could not find animation with the name:movementum:sliding
[20:00:52] [Render thread/ERROR] (player_animation_library) Could not find animation with the name:movementum:sliding
[20:00:52] [Render thread/ERROR] (player_animation_library) Could not find animation with the name:movementum:sliding
[20:00:52] [Render thread/ERROR] (player_animation_library) Could not find animation with the name:movementum:sliding
[20:00:52] [Render thread/ERROR] (player_animation_library) Could not find animation with the name:movementum:sliding
[20:00:54] [Render thread/ERROR] (player_animation_library) Could not find animation with the name:movementum:sliding
[20:00:54] [Render thread/ERROR] (player_animation_library) Could not find animation with the name:movementum:sliding
[20:00:55] [Render thread/ERROR] (player_animation_library) Could not find animation with the name:movementum:sliding
[20:00:55] [Render thread/ERROR] (player_animation_library) Could not find animation with the name:movementum:sliding
[20:00:55] [Render thread/ERROR] (player_animation_library) Could not find animation with the name:movementum:sliding
[20:00:55] [Render thread/ERROR] (player_animation_library) Could not find animation with the name:movementum:sliding
[20:00:55] [Render thread/ERROR] (player_animation_library) Could not find animation with the name:movementum:sliding
[20:00:55] [Render thread/ERROR] (player_animation_library) Could not find animation with the name:movementum:sliding
[20:00:55] [Render thread/ERROR] (player_animation_library) Could not find animation with the name:movementum:sliding
[20:00:55] [Render thread/ERROR] (player_animation_library) Could not find animation with the name:movementum:sliding
[20:00:55] [Render thread/ERROR] (player_animation_library) Could not find animation with the name:movementum:sliding
[20:00:55] [Render thread/ERROR] (player_animation_library) Could not find animation with the name:movementum:sliding
[20:00:55] [Render thread/ERROR] (player_animation_library) Could not find animation with the name:movementum:sliding
[20:00:55] [Render thread/ERROR] (player_animation_library) Could not find animation with the name:movementum:sliding
[20:00:55] [Render thread/ERROR] (player_animation_library) Could not find animation with the name:movementum:sliding
[20:00:55] [Render thread/ERROR] (player_animation_library) Could not find animation with the name:movementum:sliding
[20:00:55] [Render thread/ERROR] (player_animation_library) Could not find animation with the name:movementum:sliding
[20:00:55] [Render thread/ERROR] (player_animation_library) Could not find animation with the name:movementum:sliding
[20:00:55] [Render thread/ERROR] (player_animation_library) Could not find animation with the name:movementum:sliding
[20:00:55] [Render thread/ERROR] (player_animation_library) Could not find animation with the name:movementum:sliding
[20:00:55] [Render thread/ERROR] (player_animation_library) Could not find animation with the name:movementum:sliding
[20:00:55] [Render thread/ERROR] (player_animation_library) Could not find animation with the name:movementum:sliding
[20:00:56] [Render thread/ERROR] (player_animation_library) Could not find animation with the name:movementum:sliding
[20:00:56] [Render thread/ERROR] (player_animation_library) Could not find animation with the name:movementum:sliding
[20:00:56] [Render thread/ERROR] (player_animation_library) Could not find animation with the name:movementum:sliding
[20:00:56] [Render thread/ERROR] (player_animation_library) Could not find animation with the name:movementum:sliding
[20:00:56] [Render thread/ERROR] (player_animation_library) Could not find animation with the name:movementum:sliding
[20:00:56] [Render thread/ERROR] (player_animation_library) Could not find animation with the name:movementum:sliding
[20:00:56] [Render thread/ERROR] (player_animation_library) Could not find animation with the name:movementum:sliding
[20:00:56] [Render thread/ERROR] (player_animation_library) Could not find animation with the name:movementum:sliding
[20:00:56] [Render thread/ERROR] (player_animation_library) Could not find animation with the name:movementum:sliding
[20:00:56] [Render thread/ERROR] (player_animation_library) Could not find animation with the name:movementum:sliding
[20:00:56] [Render thread/ERROR] (player_animation_library) Could not find animation with the name:movementum:sliding
[20:00:56] [Render thread/ERROR] (player_animation_library) Could not find animation with the name:movementum:sliding
[20:00:56] [Render thread/ERROR] (player_animation_library) Could not find animation with the name:movementum:sliding
[20:00:56] [Render thread/ERROR] (player_animation_library) Could not find animation with the name:movementum:sliding
[20:00:56] [Render thread/ERROR] (player_animation_library) Could not find animation with the name:movementum:sliding
[20:00:56] [Render thread/ERROR] (player_animation_library) Could not find animation with the name:movementum:sliding
[20:00:56] [Render thread/ERROR] (player_animation_library) Could not find animation with the name:movementum:sliding
[20:00:56] [Render thread/ERROR] (player_animation_library) Could not find animation with the name:movementum:sliding
[20:00:56] [Render thread/ERROR] (player_animation_library) Could not find animation with the name:movementum:sliding
[20:00:56] [Render thread/ERROR] (player_animation_library) Could not find animation with the name:movementum:sliding
[20:00:57] [Render thread/ERROR] (player_animation_library) Could not find animation with the name:movementum:sliding
[20:00:57] [Render thread/ERROR] (player_animation_library) Could not find animation with the name:movementum:sliding
[20:00:57] [Render thread/ERROR] (player_animation_library) Could not find animation with the name:movementum:sliding
[20:00:57] [Render thread/ERROR] (player_animation_library) Could not find animation with the name:movementum:sliding
[20:00:57] [Render thread/ERROR] (player_animation_library) Could not find animation with the name:movementum:sliding
[20:00:57] [Render thread/ERROR] (player_animation_library) Could not find animation with the name:movementum:sliding
[20:00:57] [Render thread/ERROR] (player_animation_library) Could not find animation with the name:movementum:sliding
[20:00:57] [Render thread/ERROR] (player_animation_library) Could not find animation with the name:movementum:sliding
[20:00:57] [Render thread/ERROR] (player_animation_library) Could not find animation with the name:movementum:sliding
[20:00:57] [Render thread/ERROR] (player_animation_library) Could not find animation with the name:movementum:sliding
[20:00:57] [Render thread/ERROR] (player_animation_library) Could not find animation with the name:movementum:sliding
[20:00:57] [Render thread/ERROR] (player_animation_library) Could not find animation with the name:movementum:sliding
[20:00:57] [Render thread/ERROR] (player_animation_library) Could not find animation with the name:movementum:sliding
[20:00:57] [Render thread/ERROR] (player_animation_library) Could not find animation with the name:movementum:sliding
[20:00:57] [Render thread/ERROR] (player_animation_library) Could not find animation with the name:movementum:sliding
[20:00:57] [Render thread/ERROR] (player_animation_library) Could not find animation with the name:movementum:sliding
[20:00:57] [Render thread/ERROR] (player_animation_library) Could not find animation with the name:movementum:sliding
[20:01:03] [Server thread/INFO] (Minecraft) Player6 was killed
[20:01:03] [Server thread/INFO] (Minecraft) Villager VillagerEntity['Weaponsmith'/13, l='ServerLevel[New World]', x=-1001.50, y=-59.00, z=12089.50] died, message: 'Weaponsmith was killed'
[20:01:03] [Render thread/INFO] (Minecraft) [System] [CHAT] Player6 was killed
[20:01:03] [Render thread/INFO] (Minecraft) Villager VillagerEntity['Weaponsmith'/13, l='ClientLevel', x=-1002.65, y=-58.44, z=12089.63] died, message: 'Weaponsmith died'
[20:01:03] [Server thread/INFO] (Minecraft) Villager VillagerEntity['Leatherworker'/14, l='ServerLevel[New World]', x=-1050.50, y=-59.00, z=12126.50] died, message: 'Leatherworker was killed'
[20:01:03] [Server thread/INFO] (Minecraft) Villager VillagerEntity['Leatherworker'/15, l='ServerLevel[New World]', x=-967.50, y=-59.00, z=12083.50] died, message: 'Leatherworker was killed'
[20:01:03] [Server thread/INFO] (Minecraft) Villager VillagerEntity['Leatherworker'/16, l='ServerLevel[New World]', x=-1031.50, y=-59.00, z=12103.50] died, message: 'Leatherworker was killed'
[20:01:03] [Server thread/INFO] (Minecraft) Villager VillagerEntity['Villager'/17, l='ServerLevel[New World]', x=-1000.50, y=-59.00, z=12095.50] died, message: 'Villager was killed'
[20:01:03] [Server thread/INFO] (Minecraft) Villager VillagerEntity['Farmer'/18, l='ServerLevel[New World]', x=-948.50, y=-59.00, z=12122.50] died, message: 'Farmer was killed'
[20:01:03] [Render thread/INFO] (Minecraft) Villager VillagerEntity['Leatherworker'/14, l='ClientLevel', x=-1050.70, y=-58.44, z=12128.50] died, message: 'Leatherworker died'
[20:01:03] [Render thread/INFO] (Minecraft) Villager VillagerEntity['Leatherworker'/15, l='ClientLevel', x=-967.37, y=-58.44, z=12084.65] died, message: 'Leatherworker died'
[20:01:03] [Render thread/INFO] (Minecraft) Villager VillagerEntity['Leatherworker'/16, l='ClientLevel', x=-1032.50, y=-58.44, z=12103.70] died, message: 'Leatherworker died'
[20:01:03] [Render thread/INFO] (Minecraft) Villager VillagerEntity['Villager'/17, l='ClientLevel', x=-1000.70, y=-58.44, z=12097.50] died, message: 'Villager died'
[20:01:03] [Render thread/INFO] (Minecraft) Villager VillagerEntity['Farmer'/18, l='ClientLevel', x=-948.63, y=-58.44, z=12121.35] died, message: 'Farmer died'
[20:01:03] [Server thread/INFO] (Minecraft) Villager VillagerEntity['Cleric'/32, l='ServerLevel[New World]', x=-1007.50, y=-59.00, z=12055.50] died, message: 'Cleric was killed'
[20:01:03] [Server thread/INFO] (Minecraft) [Player6: Killed 109 entities]
[20:01:03] [Render thread/INFO] (Minecraft) Villager VillagerEntity['Cleric'/32, l='ClientLevel', x=-1007.63, y=-58.44, z=12054.35] died, message: 'Cleric died'
[20:01:03] [Render thread/INFO] (Minecraft) [System] [CHAT] Killed 109 entities
[20:01:07] [Render thread/INFO] (Minecraft) [System] [CHAT] Unknown or incomplete command. See below for error
[20:01:07] [Render thread/INFO] (Minecraft) [System] [CHAT] <--[HERE]
[20:01:09] [Render thread/INFO] (Minecraft) [System] [CHAT] Unknown or incomplete command. See below for error
[20:01:09] [Render thread/INFO] (Minecraft) [System] [CHAT] <--[HERE]
[20:01:09] [Render thread/INFO] (Minecraft) [System] [CHAT] Unknown or incomplete command. See below for error
[20:01:09] [Render thread/INFO] (Minecraft) [System] [CHAT] <--[HERE]
[20:01:10] [Server thread/INFO] (Minecraft) Player6 was killed
[20:01:10] [Render thread/INFO] (Minecraft) [System] [CHAT] Player6 was killed
[20:01:10] [Server thread/INFO] (Minecraft) Villager VillagerEntity['Fletcher'/893, l='ServerLevel[New World]', x=171.84, y=-60.00, z=39.16] died, message: 'Fletcher was killed'
[20:01:10] [Server thread/INFO] (Minecraft) Villager VillagerEntity['Nitwit'/912, l='ServerLevel[New World]', x=223.28, y=-59.00, z=34.37] died, message: 'Nitwit was killed'
[20:01:10] [Server thread/INFO] (Minecraft) Villager VillagerEntity['Villager'/913, l='ServerLevel[New World]', x=222.63, y=-59.00, z=39.28] died, message: 'Villager was killed'
[20:01:10] [Server thread/INFO] (Minecraft) Villager VillagerEntity['Villager'/915, l='ServerLevel[New World]', x=217.28, y=-59.00, z=39.37] died, message: 'Villager was killed'
[20:01:10] [Server thread/INFO] (Minecraft) Villager VillagerEntity['Villager'/917, l='ServerLevel[New World]', x=208.01, y=-59.58, z=54.70] died, message: 'Villager was killed'
[20:01:10] [Server thread/INFO] (Minecraft) Villager VillagerEntity['Villager'/918, l='ServerLevel[New World]', x=208.72, y=-58.00, z=70.63] died, message: 'Villager was killed'
[20:01:10] [Server thread/INFO] (Minecraft) Villager VillagerEntity['Villager'/923, l='ServerLevel[New World]', x=245.72, y=-58.00, z=41.63] died, message: 'Villager was killed'
[20:01:10] [Server thread/INFO] (Minecraft) Villager VillagerEntity['Villager'/924, l='ServerLevel[New World]', x=243.63, y=-58.00, z=57.28] died, message: 'Villager was killed'
[20:01:10] [Server thread/INFO] (Minecraft) Villager VillagerEntity['Villager'/925, l='ServerLevel[New World]', x=263.28, y=-58.00, z=25.37] died, message: 'Villager was killed'
[20:01:10] [Server thread/INFO] (Minecraft) [Player6: Killed 100 entities]
[20:01:10] [Render thread/INFO] (Minecraft) [System] [CHAT] Killed 100 entities
[20:01:13] [Server thread/INFO] (Minecraft) Player6 was killed
[20:01:13] [Server thread/INFO] (Minecraft) [Player6: Killed 140 entities]
[20:01:13] [Render thread/INFO] (Minecraft) [System] [CHAT] Player6 was killed
[20:01:13] [Render thread/INFO] (Minecraft) [System] [CHAT] Killed 140 entities
[20:01:15] [Render thread/ERROR] (player_animation_library) Could not find animation with the name:movementum:sliding
[20:01:15] [Render thread/ERROR] (player_animation_library) Could not find animation with the name:movementum:sliding
[20:01:15] [Render thread/ERROR] (player_animation_library) Could not find animation with the name:movementum:sliding
[20:01:15] [Render thread/ERROR] (player_animation_library) Could not find animation with the name:movementum:sliding
[20:01:15] [Render thread/ERROR] (player_animation_library) Could not find animation with the name:movementum:sliding
[20:01:15] [Render thread/ERROR] (player_animation_library) Could not find animation with the name:movementum:sliding
[20:01:15] [Render thread/ERROR] (player_animation_library) Could not find animation with the name:movementum:sliding
[20:01:15] [Render thread/ERROR] (player_animation_library) Could not find animation with the name:movementum:sliding
[20:01:15] [Render thread/ERROR] (player_animation_library) Could not find animation with the name:movementum:sliding
[20:01:16] [Render thread/ERROR] (player_animation_library) Could not find animation with the name:movementum:sliding
[20:01:16] [Render thread/ERROR] (player_animation_library) Could not find animation with the name:movementum:sliding
[20:01:16] [Render thread/ERROR] (player_animation_library) Could not find animation with the name:movementum:sliding
[20:01:16] [Render thread/ERROR] (player_animation_library) Could not find animation with the name:movementum:sliding
[20:01:16] [Render thread/ERROR] (player_animation_library) Could not find animation with the name:movementum:sliding
[20:01:16] [Render thread/ERROR] (player_animation_library) Could not find animation with the name:movementum:sliding
[20:01:16] [Render thread/ERROR] (player_animation_library) Could not find animation with the name:movementum:sliding
[20:01:16] [Render thread/ERROR] (player_animation_library) Could not find animation with the name:movementum:sliding
[20:01:16] [Render thread/ERROR] (player_animation_library) Could not find animation with the name:movementum:sliding
[20:01:16] [Render thread/ERROR] (player_animation_library) Could not find animation with the name:movementum:sliding
[20:01:16] [Render thread/ERROR] (player_animation_library) Could not find animation with the name:movementum:sliding
[20:01:16] [Render thread/ERROR] (player_animation_library) Could not find animation with the name:movementum:sliding
[20:01:16] [Render thread/ERROR] (player_animation_library) Could not find animation with the name:movementum:sliding
[20:01:16] [Server thread/INFO] (Minecraft) Saving and pausing game...
[20:01:16] [Server thread/INFO] (Minecraft) Saving chunks for level 'ServerLevel[New World]'/minecraft:overworld
[20:01:16] [Server thread/INFO] (Minecraft) Saving chunks for level 'ServerLevel[New World]'/minecraft:the_end
[20:01:16] [Server thread/INFO] (Minecraft) Saving chunks for level 'ServerLevel[New World]'/minecraft:the_nether
[20:01:21] [Server thread/INFO] (Minecraft) [Player6: Set the time to 1000]
[20:01:21] [Render thread/INFO] (Minecraft) [System] [CHAT] Set the time to 1000
[20:01:23] [Server thread/INFO] (Minecraft) Saving and pausing game...
[20:01:23] [Server thread/INFO] (Minecraft) Saving chunks for level 'ServerLevel[New World]'/minecraft:overworld
[20:01:23] [Server thread/INFO] (Minecraft) Saving chunks for level 'ServerLevel[New World]'/minecraft:the_end
[20:01:23] [Server thread/INFO] (Minecraft) Saving chunks for level 'ServerLevel[New World]'/minecraft:the_nether
[20:01:24] [Render thread/INFO] (Minecraft) Stopping!
[20:01:24] [Server thread/INFO] (Minecraft) Player6 lost connection: Disconnected
[20:01:24] [Server thread/INFO] (Minecraft) Player6 left the game
[20:01:24] [Server thread/INFO] (Minecraft) Stopping singleplayer server as player logged out
[20:01:24] [Server thread/INFO] (Minecraft) Stopping server
[20:01:24] [Server thread/INFO] (Minecraft) Saving players
[20:01:24] [Server thread/INFO] (Minecraft) Saving worlds
[20:01:24] [Server thread/INFO] (Minecraft) Saving chunks for level 'ServerLevel[New World]'/minecraft:overworld
[20:01:24] [Server thread/INFO] (Minecraft) Saving chunks for level 'ServerLevel[New World]'/minecraft:the_end
[20:01:24] [Server thread/INFO] (Minecraft) Saving chunks for level 'ServerLevel[New World]'/minecraft:the_nether
[20:01:24] [Server thread/INFO] (Minecraft) ThreadedAnvilChunkStorage (New World (1)): All chunks are saved
[20:01:24] [Server thread/INFO] (Minecraft) ThreadedAnvilChunkStorage (DIM1): All chunks are saved
[20:01:24] [Server thread/INFO] (Minecraft) ThreadedAnvilChunkStorage (DIM-1): All chunks are saved
[20:01:24] [Server thread/INFO] (Minecraft) ThreadedAnvilChunkStorage: All dimensions are saved
